,390,55,1086,1796,372,505,1744,780,1121,572,1042,1703,1851,1192,1752,753,1092,920,488,57,7318,492,292,319,1714,953,456,1645,451,497,300,473,542,1122,362,938,399,837,1756,517,1017,1883,870,1864,575,373,1683,1026,293,1761,131,421,1655,367,522,307,885,398,1740,378,1762,893,597,798,958,1753,509,541,898,1776,1754,393,416,1125,204,449,601,1586,1237,784,386,1112,63,1587,1101,511,415,60,1654,574,529,1869,1755,1634,1036,297,1067,884,423,1741,7313,384,1848,1739,536,1777,385,1592,882,506,1249,872,895,502,355,939,132,182,198
0,-0.38286030876909066,0.12079947469980251,-0.28736512997297936,-0.6954299680673425,-0.41475199610714314,-0.44228643205630697,-0.05718312019792076,-0.7127310992508217,-0.5286228311991121,-0.5412744337699191,-0.6743889491735644,-0.09503705882425105,-0.5323093362367909,-0.9286802771751984,-0.14511118321592703,-0.5835703046846001,-0.7575584399358668,-0.25698350913949713,-0.18679509387382062,0.17732799004804012,0.18555379787706153,-0.0346298247620957,-0.38077875987594223,-0.7505425884687673,-0.5598123653633497,0.04389982742629038,-0.36693274123217756,-0.428927507936934,-0.39756829924926496,-0.38333201359224467,-0.4849349546193177,0.2845847014151615,-0.22191044167525364,-0.6833631470773529,-0.5674810268841499,0.23965296952656856,0.052933518244839564,-0.44202763438125986,-0.4748125945186608,-0.24433427327698087,-0.6881900002710374,-0.9037743513455107,-0.43169009526222396,0.1572799089819054,-0.7377037467282478,-0.3468496233737705,-0.5060629048303363,-0.7176873132904679,-0.4152831064081229,-0.7954660903139609,-0.21969527069781555,-0.17612618932384022,-0.25563521144751117,-0.429480964962885,-0.42834683407805607,-0.47519050498260434,-0.09360123743733131,-0.5863375983947644,-0.20698882625412396,-0.03146710907378977,-0.4733340170854162,-0.12586726525823355,-0.29099199680630833,-0.5702637721446125,0.15781960774523088,-0.3632987808143533,-0.22114050633940108,-0.49626810662236187,-0.28677501299485003,-0.4961314054780128,-0.5815421096706196,-0.4630770947913461,-0.2127393914129716,-0.5286228311991121,0.01844131170437605,-0.23764981032109606,-0.22504943932659982,-0.6200836606441926,-0.7179992050352634,-0.363685761965838,-0.22425445008619602,-0.7318831730742382,-0.38841415292800097,-0.4085008185159925,-0.2118718540310564,-0.5195301904132822,-0.4647262768212252,-0.5661353793002103,-0.604772980877622,-0.5994579179748307,-0.04900121856524804,0.1591769535814051,-0.0591730794087123,-0.20698882625412396,-0.674233586013348,-0.44317279708325885,-0.5238090816469437,0.2782420625370096,-0.21652044907113874,-0.4075897887542276,-0.5238379533826979,-0.36926557093258927,0.15657943066607993,-0.2864126839653309,-0.6245053323721019,-0.014653522958064083,-0.5425724492293125,-0.24892561196977003,-0.33628782042766736,-0.3498993582198252,-0.3085713444831065,0.04892629574280125,-0.015764926580854714,-0.38506305685117953,-0.6175184930436028,0.2120097933649576,-0.26790109581828525,-0.18093038353147856,-0.2704697741040686
1,-0.5223425280478964,-0.15474799992488342,-0.2476286684373738,-0.6978198917168427,-0.6992520585344446,-0.35577024215880665,0.02348861408870411,-0.8154198016389088,-0.5970588104190094,-0.17207725182847858,-0.6740409521900227,-0.022278059116308032,-0.5177647961245968,-0.9021202173607046,-0.14680616086240508,-0.5231988752101371,-0.5345316111006769,-0.25309793465140656,-0.2650646797676502,0.0037840762827093103,0.20789395024289972,-0.17363038021329297,-0.41972363637665333,-0.7603444080750765,-0.5109679121580013,-0.04698875480809647,-0.33138996049069175,0.44565286669887927,-0.27055088943091904,-0.26254604620412153,-0.4273855823963677,-0.3504379935868883,-0.20581122183053313,-0.6161409098209943,-0.6331757957458876,0.5454715820554792,0.01208836000112852,-0.4676104237942947,-0.5371546660895804,0.008295448249757227,-0.6012652621138901,-0.8958407018608394,-0.06962644007948515,-0.03881456587570437,-0.7536747422465777,-0.34279876518563396,-0.5027614394100772,-0.6693858802641759,-0.43386988833247736,-0.8053533600691376,-0.3434632632686119,-0.105707772344995,-0.26338894887359077,-0.5593714548230241,-0.41135143262867,-0.35825386785199986,-0.1500369928445789,-0.6053432254743325,-0.027545912270776438,-0.3435643194841052,-0.5184865274540142,-0.2936119423259728,-0.1086018290199407,-0.5701087744274135,-0.14524189246342603,-0.3442413759566979,-0.19353503405250452,-0.31361949057234595,-0.3979067183090205,-0.5247050413506411,-0.5111789454371659,-0.41674931999945675,-0.3425040507303294,-0.5970588104190094,-0.05672747130297217,-0.4255215157371928,-0.2068891526321324,-0.4702010424642357,-0.7368236244851698,-0.4247583317676564,-0.4368606990790136,-0.6973830900551407,-0.2468058147256646,-0.37352500744130585,-0.12271904533301327,-0.5852642693930387,-0.4750936208810089,-0.5786436110008065,-0.4974383360944388,-0.6332844086468812,-0.03412786543848432,-0.10927308487399817,-0.22063139551322059,-0.027545912270776438,-0.6291412307334863,0.4256027032705292,-0.4853537014522729,0.2972188958332331,-0.14513510290335338,-0.22186660137799938,-0.4349542702752696,-0.39911063888579157,-0.08712842751235082,-0.23585970649966664,-0.5605283165384968,-0.006294897981987813,-0.5596882140638961,-0.251025373062322,-0.34577020172848927,-0.46308064565381946,-0.3083549802644736,-0.021761433843963642,0.06932020483683779,-0.32089722761356765,-0.47206117405485026,0.0992944247402488,-0.3622383623443902,-0.19719502321661184,-0.22142991089800473
2,0.2115168975666237,0.5665609446323576,0.0017882193486370183,-0.10276199556694389,-0.14853752141743795,-0.15645443282080612,-0.10410013184356169,-0.5542835688991568,0.4534763320670814,0.561753032317411,0.6367498182878748,0.0317999448295246,0.05779971244151894,-0.8050551843749476,-0.040788329299425524,-0.583001820001123,0.048827451581912165,-0.2539776391888508,0.19175475661447836,0.1163644474088225,0.15771359951722233,-0.17556729694419915,0.24872137528935345,-0.5859336116217027,0.523535823471743,-0.06504666049784845,-0.07784589625613529,-0.14261441949227463,-0.4696131982219623,-0.38462613944727797,-0.257765638629059,0.3584189295458137,-0.22527773445035107,-0.22316818954735973,-0.1598863281167462,0.37322629236948834,0.005789492944956675,-0.17129638947726505,0.5397808669412595,-0.35030007065054436,0.024186254109318094,0.7738832305050022,-0.2292875457227143,-0.07887815723075148,-0.6777148665097599,-0.3370280375335142,0.15780187234588303,-0.16034708052312452,-0.4603390010475171,-0.5379349407903319,0.05662940429819315,-0.09027739310548219,0.1671667831051094,-0.12824211439957733,-0.41670826775281034,-0.25113727052358026,-0.10252740834800834,-0.5663138429076555,-0.1994089043314073,0.23358752094893712,0.47839251977230673,-0.05806803630384226,-0.3514001285281868,0.37009772950155706,0.07705766028170198,-0.02401988949366096,-0.22797371603398808,-0.20125781275787732,-0.2925990799326471,-0.0618516817499442,-0.379059006715454,-0.4873968941884502,-0.29656494732343786,0.4534763320670814,0.11977894255487845,-0.2070593784280693,-0.15900230121486117,0.13302047774334136,0.7185483316303579,-0.3686043778295901,0.1912689256129067,0.672532899049019,0.503598312491139,-0.08091679873466578,0.012631104662848178,-0.5690459291534428,-0.5575490788267996,-0.6145825824628841,-0.02928660997579009,-0.28551469850330735,0.05293939428775066,-0.042853749786027205,0.21624133653006117,-0.1994089043314073,0.016553933024418467,-0.5698964735155074,0.41330911584870283,0.24753775286875815,-0.1751608175381956,0.37422628686973747,-0.5579632458421977,-0.1956419718359486,-0.058416136012583705,0.13368881656716516,-0.3985701769861596,0.014768522539723595,-0.2595015381726176,0.05817696921602307,-0.39138985955080446,0.03408720739011244,0.18178702337080713,0.06653745182394326,-0.005220417307560578,-0.3763654510938473,-0.6893549359250444,0.1800441943517378,0.09498575850946203,-0.22787731908019754,-0.14715264676788387
3,0.5695806158923331,0.5075023111321705,0.25346566705813167,0.7234726070027492,0.6623278779902515,0.38319876266194286,0.058151134856064685,0.7380585568703298,0.5955141374288105,0.633889997858343,0.7033848170103056,0.09484794566525426,0.5057768633631192,0.911082601597213,0.1997352618322679,0.5472218067597778,0.8137825318682232,0.2355693410266988,0.263209667158126,-0.049411756778995716,-0.15638332070525604,-0.14661798502551127,0.5115612800212,0.7824994455497494,0.6915079441602859,-0.08546837343858535,0.3667623003158338,0.3636403443827898,0.3224957901230445,0.3025994320296692,0.4410478973262191,0.18406098860424364,0.2055718233163058,0.7646210533657645,0.6052242414969752,0.04216946756509842,0.05528182083059099,0.5060819029327699,0.5488564940968369,0.04999930672299513,0.6966218678537429,0.904282327464528,0.46365484862190937,-0.1434078440709165,0.7029711206142152,0.3689160780716907,0.5683206312821514,0.6961513674183629,0.515936477524013,0.822131831137721,0.3389358886891753,-0.14153172633648703,0.33718726872749566,0.6020136534325999,0.4192579879783539,0.48876794458546147,0.1413798824006437,0.6467267433121738,0.22537600367527133,0.38928730417192303,0.526713394004982,0.3818696777675673,-0.191446840519267,0.5991315810503789,0.10658985274725405,0.3533290317053693,0.1896122202391661,0.3678768039434608,0.38149920526968945,0.49036543407851674,0.5876884983572092,0.431498563004017,0.33674053014615063,0.5955141374288105,-0.0056443768451209155,0.4194235616884382,0.2016434698723839,0.5728506312699844,0.7972232892400186,0.49959282871825694,0.2843844757120397,0.732791706889335,0.3244614213457826,0.44539770630156245,0.15824339644260899,0.6011405486411328,0.4637769590845785,0.5558588749981046,0.8173769892122659,0.6136229250890324,0.03886298159448968,0.002440890264910929,0.39508536295931024,0.22537600367527133,0.6539764140852345,0.3999946124646798,0.4307078666315732,-0.2525763589140621,0.1462144273867912,0.5594332604245843,0.4536673095834775,0.40189079381728704,-0.09907038942114535,0.3289985281178906,0.6045106815758851,0.012429584662617291,0.6113862547983268,0.30075005589894616,0.29420083676621234,0.48848385608612777,0.3232910219401624,0.05820215469703719,-0.04430929296047209,0.3219536439393839,0.5475300048527567,-0.2215329580447638,0.2502580358862122,0.2953764928035428,0.28976463157865956
4,-0.46883522417160195,0.1497326335230359,-0.2660665817156375,-0.6946884183406724,-0.3860087570890952,-0.3823638154473878,-0.1364620810135118,-0.8005503216165849,-0.43569494819022925,-0.49696206082604394,-0.589999333854617,-0.07912736266960267,-0.4850228185276052,-0.8492514974418134,-0.16758009856347103,-0.4812964743548628,-0.6940781609578293,-0.2381482265555614,-0.22581192111118245,0.23112168853886866,0.11274368404333487,-0.28508477337778126,-0.431729708636819,-0.7408524309983742,-0.6247017185704681,0.017412124901495442,-0.3381837667113513,-0.37926713346391805,-0.41319279225068845,-0.42739351336798365,-0.4442942170264744,0.26384497409160595,-0.20371889274675606,-0.768538764232303,-0.563205156810694,0.4761333453801138,-0.007523735884573644,-0.2766140687978911,-0.3894182723203491,-0.19958104755774847,-0.7567796952717801,-0.8774372084654876,-0.41062689876979147,0.06401938281018571,-0.7292345153430378,-0.38793436431533873,-0.5678109211214474,-0.6672014270044223,-0.47039695281541993,-0.8031600010446945,-0.28383750925385515,-0.282793821158898,-0.3326824756663043,-0.5735000793832918,-0.40336674147343576,-0.4136812238088842,-0.11100008263339982,-0.6509834051406268,-0.050547961898219716,-0.2113818072121986,-0.3273851687555473,-0.1148491710598058,-0.30406248963477933,-0.5099057193305242,0.13829918047912737,-0.3625569666283035,-0.23305811200200502,-0.41810907475094977,-0.0995579736305088,-0.45437488582394975,-0.43876791014687366,-0.4442554004155901,-0.3053903825173061,-0.43569494819022925,-0.06773282227833989,-0.28944512333589767,-0.23958369514639408,-0.6624669721798716,-0.5699770581377103,-0.20833582267659492,-0.3259765903973453,-0.6364857080115566,-0.3171975843032444,-0.4233704533103304,-0.17170704288695027,-0.5096430487268363,-0.4278141798350202,-0.5193964246061947,-0.4490556035050824,-0.6077788365245488,-0.055071065364872114,0.10067120908757972,0.10018288750378723,-0.050547961898219716,-0.6757154601870214,-0.36748451710842867,-0.19802150028999815,0.30296093480128544,-0.2719614128432155,-0.28328818045798954,-0.5535393049696045,-0.38986923067778556,0.11291998688143483,-0.39832017105618006,-0.6312531714248796,-0.007471006699062502,-0.6072438498778684,-0.2881964536807507,-0.3029334372486169,-0.472175304316054,-0.31558083915529306,0.07171681446594695,-0.10600736057664185,-0.4150746548320968,-0.6772834397613269,0.22702847764973205,-0.20151849731741966,-0.13370910616058948,-0.31454811878530814
5,-0.39857687529743824,0.28904196439541113,-0.2692964386702444,-0.6941683017603316,-0.7347887405668436,-0.3624572231563416,0.047858033997421084,-0.6723449914745908,-0.49474143301411305,-0.20526704501714313,-0.3920401102474763,0.007041595990029351,-0.49431101185196746,-0.9029135297564019,-0.09070551070252969,-0.3713428394961497,-0.5007920186760795,-0.24772910162301853,-0.22816359797030203,0.00811367062368511,0.2514482833698218,0.027876807650682147,-0.16276258949855815,-0.7969744522532426,-0.6312510834653374,-0.012454463243260237,-0.3290943725912571,0.45232788453380784,-0.3109127024691557,-0.45429609459790066,-0.4613315361608215,0.21246473282238365,-0.2182024781114914,-0.6341641861325659,-0.5120965751747804,0.5702948553135405,0.047393211208578104,-0.4534151143286711,-0.5195296526158774,-0.17237831311360138,-0.5150436530949376,-0.8812752768084975,-0.2384545638343544,-0.07313799689503481,-0.7320793323988719,-0.3439926609506501,-0.5399460975100001,-0.6017813477690502,-0.45421270668305186,-0.8283804877286891,-0.27167634432650706,-0.24390951470261685,-0.3224641274615426,-0.38981366537072254,-0.43289012375199876,0.0034776388371136153,-0.10641281096338814,-0.5869377068661591,-0.05984591247502532,-0.020834186566338127,-0.4148554165887087,-0.10876494255523196,-0.2154389146573585,-0.5801027147672572,-0.1606004705418628,-0.2925672860845252,-0.23195523137532822,-0.4215757628832773,0.25230810400602727,-0.5018160857043628,-0.460851940743417,-0.4447769308952572,-0.24556474009993798,-0.49474143301411305,-0.047730321081755116,-0.25122280848917145,-0.21024234727059735,-0.48924001371783155,-0.6263371603686207,-0.4908848221714977,-0.46317875447140855,-0.6307384138639983,-0.1119813695494668,-0.31173438040917334,-0.12056962740431976,-0.5270940429406105,-0.495398338963255,-0.5802716438721389,0.5044626594364984,-0.6164112868836674,-0.036731369806935664,-0.15978942872576118,-0.34607579071621863,-0.05984591247502532,-0.6270247122541719,-0.48903917999279134,-0.43881179082568517,0.30587776020854396,-0.13685251503521692,-0.4051744887252155,-0.3979184312955332,-0.38754256134228626,-0.10169110571947086,-0.20600448079148742,-0.6754198551147829,-0.007769894831775579,-0.5870521061417464,-0.2602641713758976,-0.4351508323775916,-0.42190820570308996,-0.3204900504355623,0.06735645354016931,0.09024461288392234,-0.4157288059393935,-0.5156586538813192,0.18220961593340648,-0.26119731176434746,-0.3191433410902605,-0.27499050343266346
6,-0.5797418184615618,0.5543878268606035,-0.26818702877709005,-0.7476220951665459,0.4668632709176961,-0.34001667757489645,-0.2559699931971027,-0.849103221507011,-0.4884848070994244,-0.6986553130987289,-0.694650172094396,-0.03034511455293153,-0.5120704906681938,-0.7028408067159786,-0.2924122699021323,-0.46138197696054367,-0.8275268658597772,-0.2180494415705874,-0.24545350826061843,-0.07099767283480438,0.11476859929355512,-0.19369784164375722,-0.4458495868234356,-0.7841406391970778,-0.7286699276031123,-0.024075327080717288,-0.33378315767544264,-0.47148562980804937,-0.3553920841185791,-0.2751421244748636,-0.4232693396973633,0.24798797662650282,-0.19879904086342426,-0.845841857871989,-0.6014733490227498,0.22160054051737807,-0.008060208648446471,-0.36745412243833236,-0.41640390124933413,-0.2799760157308239,-0.761602618951259,-0.9331441230411723,-0.13810822118041916,-0.0890962755413757,-0.7363125558404321,-0.3890350682694614,-0.6766373266020301,-0.6280555323579413,-0.49207516956020825,-0.851225170150745,-0.30939596136495706,-0.27574996879513775,-0.41642782994981625,-0.5283718004521062,-0.4461232688473767,-0.4279865790577751,-0.06737342148325808,-0.659312284513972,-0.3059097718331913,0.02998788150042029,-0.43553733588948096,0.13041450755539274,-0.36754857328719226,-0.27408032364920737,0.04166659839240685,-0.38383067464441045,-0.2712100285567354,-0.38510136721872273,-0.1598206365070164,-0.523818497486646,0.3054995341486975,-0.43412106694955094,-0.29296996198119557,-0.4884848070994244,-0.4019309959585662,-0.2949490396435236,-0.2464666648823661,-0.6750548525079699,-0.7502770722761356,0.14431383087492686,0.1311320778244817,-0.6134086705904723,-0.5109909913964998,-0.45891715341898126,-0.290948882345562,-0.4036666876148141,-0.4709533303456647,-0.4476613641430057,-0.6717692825474351,-0.5925108913419146,-0.06271512826860941,-0.12210744544969414,-0.3817330915252774,-0.3059097718331913,-0.6669143795838139,-0.4400145604438099,-0.47806169474043647,0.28872944167235925,-0.23434261243956844,-0.6087587719123682,-0.34039023378679084,-0.39682813179309545,-0.12685861759767875,-0.4226835724274952,-0.6368883492521631,-0.030447438389475,-0.5986843871406192,-0.3191218930933345,-0.07349198196501032,-0.4899433258527596,-0.3214439189415002,0.09735330622570061,-0.01752780945353622,-0.3907782295359182,-0.5939958895659888,0.16231846632452626,0.11261954492935908,0.1218048644009534,-0.2875333324923298
7,0.50511819357862,0.26896863114512776,0.2079402755426738,0.7893896789380108,0.5782662456167726,0.0056718144294201365,0.1283248539929546,0.8090747877115384,0.588736826502155,0.12207535302213544,0.6827797776177041,0.1444899553737439,0.4160631571721764,0.9484677361020023,0.26222722025248496,0.1626510645998336,0.8535073998116056,0.2812553878583148,0.2544743400147547,0.13885866981608513,-0.11524211132328094,-0.083439032678725,0.5115338868959857,0.5702616125614095,0.7547224968637144,0.03312348416925205,0.17349831227848356,-0.3046039704203653,0.07844027367272291,-0.067017307124934,0.3511254800525183,0.14844469253115763,0.16092162040329736,0.8738689593504844,0.6180951185954332,0.5511189618734211,0.17486431852423648,-0.023557971735693486,0.5560831084412338,0.014611156054168179,0.7283022625323374,0.9546870903309573,0.26493232476177053,0.12312833665116166,0.3773290848455788,0.1893235608604117,0.7322123816094,0.644048876020416,0.42737797532791455,0.8734774756327455,0.20335539609140302,0.16709343562189877,0.4718596540164452,0.5659825923969499,0.20215431807021894,0.33102152650829564,0.17037078543025808,0.676060006456854,0.3000108923878501,0.25398944736304635,0.5474961713823799,0.3267341175261579,0.18734590058820397,0.240998051734546,0.17715331859183095,0.3719872637693524,0.10860962774037901,0.20579443904399725,0.7897104164531331,0.6301939219073585,0.10427630206357219,0.2483212722345016,0.25942829784511673,0.588736826502155,0.10701833631256533,0.44119885978837536,0.1828151711313898,0.7174050790474867,0.7775018013254226,0.09519273828121287,0.15675989551152458,0.7230908692979076,0.7036354375784325,0.40790902270453605,0.2192722416691365,0.6136826552891274,0.4252036575787579,0.47768220409545337,0.6931317170177144,0.524087054201689,0.046245272877087615,0.193583939262934,0.49573072568686183,0.3000108923878501,0.6339502147843393,-0.34505009698483663,0.5167349107111039,-0.3241208918289006,0.07126307801955012,0.6558854641919245,0.2711149517012894,0.3305042234243479,0.16885556386785716,0.48180273090046116,0.42062220968588526,0.03675931549550074,0.542796402630208,0.32559180822052514,0.19259691025875822,0.4119017119410984,0.2669768631643972,0.022263483683101746,-0.11549247225201813,0.2187836705526258,0.5075256862770359,0.21824489026327096,0.38313473121549324,0.08356153720421698,0.21306816146937388
8,0.11344416743031545,-0.5703706506622429,0.2582252642595595,0.7788084842371871,0.6685450733995243,0.3894944637995285,0.15848841646635828,0.833820028194145,0.5760196774626336,0.37743869274757763,0.7067342979029225,0.12281512996202193,0.5028625751292601,0.938620720031252,0.18085708941544,0.6084249541927989,0.8340246660265399,0.26070995351334725,0.22824657074576538,-0.0785674579663665,-0.21456473949321772,0.21033835588847877,0.4785796658645317,0.798918293447144,0.735767266889237,0.04875495048869046,0.31273607595894287,0.37494336066115597,0.31082739915337787,0.3183265374860166,0.42368159252099724,-0.22869992753476326,0.21500997294212482,0.8235562533188502,0.6076616879698893,-0.2755492545544631,0.01661676450714607,0.40221624185933036,0.5071288084925667,0.22239595888325825,0.740919403419361,0.9465710224797285,0.446415361586292,0.1373320470262418,0.7598517810455631,0.35297301253500996,0.6892598250030806,0.697606071256223,0.47617591829662786,0.8582178742862717,0.28463226277254644,0.1825211227143814,0.41845882669260315,0.5873336956856617,0.4342061114108094,0.4913008692947701,0.13824469564617023,0.6464399520947667,0.3554593971662042,0.1728450411080688,0.4780194046234169,0.3353807113821124,0.25624886656047463,0.5490377292618539,0.16161564854051447,0.360710730197359,0.18863754866627444,0.35240183534542513,0.21513869118450868,0.5984473787968952,0.5970007245551422,0.41881501880258165,0.2904027192063712,0.5760196774626336,-0.03970070340957832,0.3591826259184986,0.20349787037354725,0.6731889502497613,0.7716961832889776,0.49498656509138184,0.433878528170371,0.7314313762082431,0.3315993964971148,0.5133519728927792,0.2337523238324443,0.56635784332632,0.3829338896858385,0.5432550604927653,0.7852053058646246,0.6039097872047556,0.04332522623413917,0.20711006479969016,0.41354285609455393,0.3554593971662042,0.6573656681035154,0.40960503583826274,0.4945414403673789,-0.29906304151451174,0.16781864182063866,0.5463432872078627,0.4575199125973986,0.39447613656007646,0.15817733103118412,0.4461444580250401,0.6465762081486608,0.015393574471836409,0.5904228448694352,0.33469244621907623,0.33159450931262474,0.47512889579765727,0.3266034690881542,-0.02238596601114317,-0.038148876730376875,0.33319876839409124,0.5786041859893762,-0.2251928112900823,0.3087356371641745,0.23770037301161256,0.2998370136553277
9,0.25951742522027593,-0.1124699939366445,-0.04754764699019888,-0.22916940617085105,0.10845805591659405,0.3197638682058803,-0.08347707555274216,0.554965587473299,-0.5133137961254464,0.18031278390159444,-0.6739665332194652,0.05442775533494098,0.017397190772417186,0.7661185369755645,-0.10683872918242347,0.58425516774184,0.03308615693987859,0.15788418347122168,-0.03965109890050797,-0.06178447881629014,-0.14701368259642186,0.15006089979802895,0.36295452540842177,0.7640555612212767,-0.15486312504385444,-0.0035601015673265286,0.3975751493630512,0.004867446155767647,0.4782446873100463,0.41533199427240797,0.43896171820432955,0.04798046391791214,0.2033461802007452,-0.22632391901743687,0.1242209138497835,-0.5628176514296295,-0.1079281881474561,0.35499255192336465,-0.540259834210559,0.22810429647169242,-0.43662985190091824,-0.7173757876269615,0.18653780262611902,0.02736042179860802,0.6552312070109338,0.3229636644557321,-0.4874534922837842,-0.0862552402590819,0.4152340714600368,-0.18229501203657034,0.09264850471498005,0.20503666997317785,-0.20465145059683965,0.23622601032836435,0.41551715660944794,0.4396494421356283,0.04890314958406058,0.5715264723136761,-0.003085837174752229,-0.15989608314186665,-0.48409612376139277,-0.061905908973971004,0.2633856306384507,-0.1407524334543173,-0.10281771414889253,0.1242434428461802,0.29959190354695087,0.5042319133760955,-0.025780325108262208,0.4742217369625005,-0.33330607499765347,0.5239085909909779,0.23671981222394115,-0.5133137961254464,-0.09292657125824173,0.1567874605649929,0.2904924294859557,0.3527565641112376,-0.724376012422106,0.09039848613819342,-0.002617138757875383,-0.6643630556218769,-0.10291836848217147,0.03429229388801346,-0.03079501487965407,0.43243679717286615,0.6412538373154469,0.6124523749868892,-0.3820319516237166,0.37727187519006034,0.045339978476254476,-0.02937688485741977,-0.3112038109909427,-0.003085837174752229,0.47112112712407966,0.5357024739879669,-0.3468646442752288,-0.27966312334163534,0.2582749956821935,-0.2745576814956971,0.442864444098578,0.31982074248407416,-0.048120407728443025,-0.14244017189543434,0.6362589752590205,-0.03131289786182365,0.4258115240098285,-0.01642169479483411,0.39729976690893276,0.1021497996881999,-0.2793835888486286,-0.04207691653470991,0.03559788329972608,0.5413487710751941,0.665760691760823,-0.1807579101261417,0.010492664426312267,0.2860969361438569,0.15381183833832873
10,0.17420941985661614,-0.564310086120963,0.24467179737598224,0.4997958468245958,-0.46527164869952664,0.3169347153222701,0.14994347669745392,0.8130358461018468,0.16598222719350392,-0.20582379649994206,0.5152887391742654,0.0027361732968756137,0.3512302677805519,0.7906766369498868,0.0017787534797255589,0.5505968385354494,0.6802461366240115,0.2408072859716873,0.22545988162279051,-0.19773596478515762,-0.09891080050950635,0.18899318507720672,0.4841109952205307,0.5614663931078707,0.7752327692192047,0.04380875019896625,0.24440568784096547,0.3833420104351828,0.4208902061789617,0.336111371419642,0.427737826664573,-0.33686786004195063,0.199941285680329,0.7369965154895767,0.67551419930239,-0.41022932440145604,-0.02565132246340918,0.1709783149133445,0.23509933685429107,0.34112967519194276,0.7348726108228101,0.6867531716246045,0.47219696209725753,0.03853370160827365,0.7386293519988618,0.3744560077067287,-0.14699553772883622,0.4078790253140769,0.41983835417176246,0.7775837954538681,0.19938425306669535,0.2778963193972687,0.2407438813007192,0.35499348495878114,0.396483580547732,0.41818183108007567,0.04101220523149601,0.6241673653648973,0.2941234674414319,-0.19634182821397292,-0.16845476689616834,0.08456998908748575,0.3581111415558636,-0.11373273458944384,-0.11270737587701429,0.24794899763057013,0.2480495253084827,0.5049199227062375,0.4299878903601309,0.40325254283889483,0.4161558043775047,0.41796794269904136,0.2786986145758409,0.16598222719350392,-0.09279782883852708,0.024380577720255706,0.2617248357944952,0.6765401567081548,-0.5546552448015453,0.13677606161125416,0.16513669174275142,0.5189571326018081,-0.5306152434669191,0.4146210593696583,0.036227330804855004,0.3908617661692285,0.2864851735831653,-0.15467585034575887,0.3633051363705902,0.5955481912621792,0.05387253421586274,0.02190777241996437,0.45654406902961847,0.2941234674414319,0.669633343068437,0.4784515700696394,-0.43112514580789546,-0.23778020054787996,0.26374019927123776,0.23819273410197614,0.5164242068442986,0.3816716712053153,0.027378318477424276,0.3612804294650263,0.6434372926540397,0.011226669181082814,0.5026996089949953,0.29139013729680574,0.0815705869283952,0.41541285548471246,0.05945430855791202,-0.08364829360704944,-0.003247980666942866,0.4103131222375838,0.7578081707260502,-0.1334185967461166,-0.1927545157140901,-0.13583511151096547,0.30208964680333567
11,0.01013083304431937,0.27409735054969964,0.2596779588746637,0.7762230326442083,0.38924725171185826,0.3848795327763731,0.1724329529070519,0.7770150964075626,0.4459150897445376,0.5114338879150379,0.7193844943926796,0.13777160174694889,0.47793712309507913,0.8943836282472567,0.21392636371198032,0.5748704905937788,0.8323452096207802,0.23222692103406625,0.22431068083158595,-0.016971143499651238,-0.16213281920808034,0.27820022060704974,0.453413032604425,0.7050314788385119,0.7593643680716897,-0.0006198639617914478,0.3722431402639505,0.3871456075605425,0.34117153549231133,0.4431666236537197,0.44234057507525204,0.14569947022540122,0.22953797771102005,0.8298956637924034,0.5297633966215811,-0.35237252797280083,-0.017902063081302363,0.3837174852819589,0.465043984802625,0.36069602426732533,0.7770293386753336,0.9436353801101828,0.38554755318680567,0.10975591601733223,0.7281778137767552,0.3939811970094728,0.6437916379765014,0.6627065902868042,0.47820694804488545,0.8604428927647021,0.27968850302493364,0.27764064220626794,0.43760531360482663,0.5069857182544919,0.41853373804393096,0.49442790834233197,0.09110257444374643,0.6472888437153589,0.37316274910806835,0.1958980426208336,0.08287466090602896,-0.008638130705801177,0.3351538480275047,0.5898163237400171,-0.048073259176536653,0.37118823878886226,0.23973296055987714,0.40183381324334383,-0.21870488586447645,0.5545370161688218,0.5472628268420616,0.44579572791546956,0.247800988418515,0.4459150897445376,0.1583468672467639,0.09134267803912403,0.22339859289461977,0.6919343675814646,0.7298036942315199,0.4458149255801491,0.46921472036482337,0.6620522734385668,0.1783178033659914,0.5265092610796923,0.3186920488057885,0.4763603671725387,0.5846928975390724,0.548398016619813,0.7693222612174317,0.5941613184941207,0.05654071073285845,0.1578001745651719,0.41152783691039374,0.37316274910806835,0.6439810007739742,0.45412390940255687,0.4631008182941887,-0.3128825667698266,0.22388609326831427,0.531626942740938,0.48277437868809847,0.3942422169799163,0.11809456699757918,0.5020601818346913,0.6565907961550795,0.018199052893978333,0.6189016429648061,0.3548398798238568,0.3903224025258531,0.45423718568899873,0.3216678150237086,-0.05639434048817685,0.03519039876030125,0.43951272581912953,0.6474753138822426,-0.18372605985132584,0.05368165682684319,0.2629123071267397,0.2934366692149581
12,-0.5859855335035565,-0.6900627450747089,-0.2691732801062877,-0.6958534932139863,-0.48386502930026204,-0.19344035472331023,-0.10308407713466215,-0.8118124492176622,-0.45473282555281697,-0.6490118142289046,0.5989940779511366,0.007955654629905912,-0.47656093201315625,-0.9078018222183459,-0.21437032505403547,-0.3580529791685856,-0.6927911863740842,-0.23460586293020735,-0.251274602200012,-0.12792212543458634,0.10541220331518455,-0.29604069422793644,-0.5122206450009712,-0.30181377171209123,-0.732637640977707,-0.08966004015926281,-0.30016940914604917,-0.45443578812464164,-0.33173072962163114,0.08661990431404189,-0.41438443717746737,-0.059917335138933346,-0.17559862378400196,-0.8023582201832357,-0.6112318011208657,-0.4915141986403015,-0.044263715833056466,-0.4832773244382603,-0.4718820388543003,-0.0974968882343351,-0.7043960371655837,-0.9286001165891338,-0.47923716085915735,-0.10029332177405464,-0.6784610322680461,-0.3347535340703228,-0.6645505667321563,-0.7161196588609952,-0.4842410112099238,-0.8403905767604111,-0.27664260934098206,-0.23424444967676192,-0.38629228636342916,-0.6218252641729091,-0.33036711808964636,-0.4352565586845897,-0.11012512800611442,-0.6758134929607198,-0.20829821601864662,-0.2926300995804488,-0.4345381262939627,-0.28281089477272264,-0.3540599235655251,-0.4165574254195292,0.06673561523323875,-0.38230714755037387,-0.20128745462302997,-0.3998053732531103,-0.5217745845159509,-0.5176134982494791,-0.14918887868383224,-0.3955916063913762,-0.39108980414350264,-0.45473282555281697,-0.08704368864621811,-0.3396921932762445,-0.23287765573413705,-0.6525618837395687,0.6944253480198258,-0.08931755993841342,-0.21516166136902903,-0.7031184256649934,-0.6489146278311408,-0.47629373160428573,-0.1042047064095203,-0.5304943507226842,-0.40251849260887124,-0.5015160796028626,-0.14111153838314494,-0.5905076393915027,-0.05416119244445653,-0.09203722367309704,-0.13007318481492414,-0.20829821601864662,-0.6638643795270771,-0.5002538773402576,0.32295302606221965,0.2804494292383691,-0.1747545481442804,-0.5235815838636172,-0.45606088844602116,-0.397015842329724,-0.08294380608729561,-0.4339554529704238,-0.6158913184404233,-0.0016917954082049957,-0.5956436483984658,-0.3403457685337424,-0.3317190778719871,-0.48597555917718865,-0.3002008801838845,0.047305132175264435,-0.036792688794120745,-0.3397445152458655,-0.5391910699584659,-0.20911804833340988,-0.24210998347340873,-0.23256249987219013,-0.288992077240098
13,0.3457808516187668,0.6216535999805782,0.2037638673343098,0.7553356676600413,0.3636240968748758,0.20381299850659942,-0.08793545470838224,0.47858033847596043,0.46807794578999373,0.1125916645891407,0.5323910180321878,0.09859483626000866,0.3317918453269972,0.92532163784189,0.05505370943384544,-0.1159197208370089,0.5681094130026119,0.25486509231469684,0.09741223517733191,0.07012551682068789,-0.10372982528632754,0.2019166533545973,0.14955895346659098,0.10071920440892262,0.3546138615383657,0.02505312971768229,0.21642577832228263,0.15331514245255168,0.016563155337090112,0.06615249044476802,0.36262728407381983,0.2359739129557861,0.20190019799684727,0.6600003324513043,0.5709572262478169,0.5403818724076433,-0.05664852302618998,0.05147908118928581,0.5117803258503735,0.09897385067940584,0.5276984789731455,0.8988683619378127,0.1801638427474551,0.10283427155103533,-0.20022815585734835,0.029316626425240872,0.6811124853307029,0.574277888101791,0.41431686405445384,0.8230329936120461,0.06032167808676993,0.03809068393593772,0.48338262090992595,0.49986302308887176,0.0056355757519589425,-0.1713374830534288,0.09289812853202,-0.3539846860152453,-0.058590065416442995,0.23257566592621784,0.4492389764870502,-0.13717177335676775,0.2346635515057898,0.25918082053933605,0.06220464791687781,0.1700673854617409,0.09922973294247649,0.24176385385333335,0.6779997670099616,0.5987595697399123,0.03812476935770183,0.15038027305963322,0.08368903552396337,0.46807794578999373,0.0196884305365444,0.2619459245365196,0.1809569507375878,0.6745478026127679,0.7371322964800563,0.15811880114722432,0.18924263495354374,0.6923690811013419,0.5210057353335096,0.18354740635327324,0.2045586431990668,0.43049634234059514,0.38696458399873807,0.46226449479549203,0.6412835544835269,0.5031302518253609,0.0534918294823273,0.16317533771920903,-0.06214484584067599,-0.058590065416442995,0.5524723510808136,0.3369885211139079,0.4813167165288576,-0.26578145138823767,0.10430210074408466,0.140722554962588,0.14095022156950404,0.08847833283683247,0.1279698917447165,0.4980538923632776,-0.11364563499617998,0.006771614045335837,0.567594506027624,0.3579898903925368,0.04352249550482318,0.2820197492884087,0.2747051639543969,0.015097822419146976,-0.033609392848896226,0.27731758954961716,0.02156545337261136,-0.014515338195283074,-0.06148326170966992,0.05359348523355245,0.09751840124516327
14,-0.6057942073001779,0.42231846231752834,-0.26885015828516934,-0.6093590514318916,-0.6112603704926872,-0.3607508826411668,0.06737708900082802,-0.8242260471084152,-0.49131880942168704,0.4932896915698623,-0.6530916081413528,-0.29114573404575583,-0.49266103540679185,-0.8717011459956064,-0.06883025920991681,-0.6151571312686622,-0.6368491327674363,-0.24548122409311554,-0.16048924783960164,0.2472763810876153,0.14923792923331827,-0.2881609410174253,-0.4318378167500172,-0.5128794281941648,-0.3697147626967573,-0.015565786188720902,-0.33740698749786646,-0.1855859309527573,-0.3568324705930999,-0.22251020055141837,-0.4593144100792932,-0.12223567015047548,-0.22800040326096194,-0.6136381123859275,-0.5928871398965865,-0.09171463590318081,0.05856013999994083,-0.22474326327198008,-0.473616984912358,-0.15797750307297537,-0.4708380581679086,-0.8675811283835344,-0.4910658679493959,-0.052713190977405636,-0.5390089022497672,-0.3126476800042909,-0.41634762496561084,-0.7181230835653583,-0.47518482920718547,-0.6784199593821829,-0.08349043745889903,0.042561870679880966,-0.15479001006639814,-0.5900127351287174,-0.36619966586670694,-0.4039040074502525,-0.10036116748921269,-0.5992136329230858,0.21755473765424965,-0.3117796471008813,-0.5518989367448062,-0.31286824928727,-0.33476741282985584,-0.4841382130289199,0.07788242850075137,-0.32531099564267274,-0.25722418262986635,-0.4061847949194298,-0.5370020707112333,-0.49008043179821137,-0.5965484488254612,-0.37116358901833263,-0.36265383408418184,-0.49131880942168704,-0.06632867706329813,-0.35080842849049304,-0.24284131264870404,-0.5090112088660735,-0.6193175414082617,-0.3949746546326104,-0.3332006683406669,-0.6985249368898495,-0.11553006596271714,-0.359234628898876,-0.27860903944999205,-0.5126074571083233,-0.5185033671071174,-0.5828554598251493,-0.5866542699194822,-0.5874936452938395,-0.0473613436501991,-0.03760469457935,-0.035982816774757946,0.21755473765424965,-0.6072116827246989,-0.5751335922489533,-0.5352372025749841,0.31332630376381393,-0.2204304980376602,-0.19053516657849787,-0.5077687076307128,-0.37437743484501773,-0.013601842251399538,-0.1426459110487333,-0.45075392684339477,0.0177682691623903,-0.5659625846557248,-0.23851967904189425,-0.36250018803920536,-0.44808978167196906,-0.3437332221793442,0.05401373253659895,-0.024171568641907195,-0.3972978410428155,-0.4541285624225132,0.17766564640246665,-0.21547183212513144,-0.2599615505969064,-0.26320465296208934
15,0.09053141267573465,0.47842704470820974,-0.23693033020539173,-0.3615117078839936,-0.07007977846084187,-0.2699536010270855,-0.26151694329311337,-0.8284507157339303,-0.3055564359265728,-0.40826563971793634,0.6286108790805996,0.09202852848328072,-0.40226996228031286,-0.8076844868157502,-0.26598466351360356,-0.4410279228590557,0.5603626319064304,-0.2622928489044904,-0.18848948311335254,0.10859060285870885,0.08597094095274707,-0.16510446105827997,-0.17493450023519683,-0.2033566406203643,-0.7828535261258415,-0.00633863972953452,-0.26755332419684535,-0.5404796155187733,-0.31383501871966546,-0.32193753300898853,-0.40801293489882035,0.2601394190065666,-0.19315541788496524,-0.8369775623665275,-0.5134832087931714,0.5873083156314933,-0.02148860458882718,-0.004023002308957074,-0.2671081310245967,-0.33537571839680913,0.4398035509627465,-0.8925766036800371,-0.29641805740937244,-0.03165975268259476,-0.7187325889529584,-0.37581950414218,-0.6636070468225768,-0.5058073189034766,-0.47233668216887215,-0.7236823942936523,-0.25626994959651894,-0.29591398310003003,-0.41747455837020314,-0.3929335579124088,-0.35265237176425634,-0.37417384046631663,-0.07428022316638323,-0.6651737962339654,-0.21583959839366545,-0.03889271402724697,0.21562795029742524,0.2739719819696977,-0.34240464016578,-0.3320893995950898,0.12304634857302651,-0.3859374015054407,-0.21883651556426859,-0.35351249466405743,0.26063863814667904,-0.5073865868697092,0.01135315237421222,-0.3619260314632657,-0.19017024505561902,-0.3055564359265728,-0.26271890256582725,0.22365387962994532,-0.2246002204719868,-0.7651918230532114,0.7606562293804243,0.07666045730682551,-0.1503059112233833,-0.3116122084847122,0.22454076138506784,-0.5338021839688812,0.0477679959065712,-0.3697885914639525,-0.48615235205015433,-0.3315008177564908,0.6936013189411332,-0.5770050214380222,-0.05730589559546168,0.005280757426285038,-0.253238575486666,-0.21583959839366545,-0.6346387287083975,-0.42961522726952556,0.4607606816099733,0.3118991588322133,-0.22687474366485502,0.2621057252546746,-0.3312684129699218,-0.3878414056609871,-0.005102773674861555,-0.46255255903876347,-0.6538318067317219,-0.022286218791457604,-0.5878838122424731,-0.3723095080857989,-0.24090217126391422,-0.44804859824052445,-0.30742766343316913,0.07446055528962536,-0.03271114504582853,-0.4001220760787847,-0.502250687692174,0.2198671151630523,-0.01336543234930441,0.07250038575095,-0.2908356377986384
16,-0.4709057770202521,-0.37781479978858573,-0.23047750541088788,-0.6990341789351571,-0.596313608761629,-0.13161339621811027,0.0589057309870544,-0.7696406029792703,-0.6220592647486288,-0.0010709413831008338,-0.6943158851267345,-0.08890561239421217,-0.5116849189869659,-0.8655246001995701,-0.2856947735123253,-0.44110996710260747,-0.7718082763340585,-0.16107965252012085,-0.22099167444390086,-0.164873404544118,0.09811273606708654,-0.08242701572705137,-0.44942894486523177,-0.5659656118900905,-0.7011810900038776,-0.01752313194567114,-0.0814015041839021,-0.19517440751725848,0.004177427445041209,0.21951012431476977,-0.32705294466046647,-0.16888634041506245,-0.09782049476902123,-0.7827704244686589,-0.6474304989454647,-0.6059662936966641,-0.16266153289230684,-0.1222575682694705,-0.5639332228014621,0.2713492683133762,-0.6706598608551458,-0.919993857017287,0.013013820394283513,-0.06370691815121718,0.1039706494953598,-0.11765401159461976,-0.597579278068395,-0.6465477254317709,-0.4024364892191214,-0.831434324793214,-0.14797351275323878,-0.07468458887293487,-0.3535315206956899,-0.5646835329409957,-0.15375102494003667,-0.2531601754698858,-0.16597534520488263,0.5223516652385244,-0.10037532590668549,-0.32459463966942087,-0.5600421799198079,-0.3537312631651446,0.07423553320974527,-0.5254874604526416,-0.14813273746248717,-0.3923045684374223,-0.08686582842848505,-0.22841738677617826,-0.8038111469061208,-0.5527593396744008,-0.5388614186113306,-0.11182049104641803,-0.26726429921290895,-0.6220592647486288,-0.0728387643112115,-0.4527296788747126,-0.19014883435673294,-0.5285263560406719,-0.7733348383123918,-0.4150292730044284,-0.2937112211368153,-0.7171282448489409,-0.6076635836934495,-0.3848230391502321,-0.14687407194754912,-0.6254091364838148,-0.20751920624116896,-0.5247099338910447,-0.7322373651855759,-0.4709645331222707,-0.04024984372149207,-0.1305892217618793,-0.42618358308184945,-0.10037532590668549,-0.6018225495442703,0.42866695800561433,-0.4577507836942275,0.29786720709663256,-0.0722114852314497,-0.5075476236827651,-0.26696536346304617,-0.2904850659316191,-0.13984352168693234,-0.3185720161743355,-0.1794575750794624,-0.018240518933185814,-0.50927281705144,-0.2792470782062285,-0.0655183621809466,-0.4235360010942064,-0.29439963259289975,-0.04946729939673966,0.0864744699137642,-0.08932884039545326,-0.07030412165085449,-0.23024778615658598,-0.17495669780884157,-0.14141966697596275,-0.25938345587128636
17,-0.22610608491677667,-0.025058644822488166,-0.09405348782695573,-0.158252734261018,0.42212665024953394,-0.3662417933418382,-0.25268140729244426,-0.5510328995955309,0.08717805439598006,-0.3897891146105693,0.47641671622611864,0.08565386290301837,-0.45718065511899303,0.6911591483622632,0.06516192460703307,0.1898768999807975,0.14043754599987854,-0.06724919000346379,-0.056285581298543705,0.0778746038547239,-0.19458734646651954,-0.04068688419400718,-0.06352091168403501,-0.5335368491800003,-0.21191682073816012,0.011565173225548281,-0.39244900493989404,-0.39120656201608706,-0.11537644076307128,-0.49065961006226955,-0.4596531672660664,0.11504349485620563,-0.2144066992630342,-0.3561930231068764,-0.04937553722137915,0.2701673415580677,0.10945679692707211,-0.2809382730294632,0.46073571486695125,-0.41492224133188055,-0.410815785618608,0.23800171833208916,-0.1390328189924835,0.001217897069717326,-0.5939707753063453,-0.2957318906250265,-0.16378114650879758,0.16407377082645946,-0.3877033510232709,0.4471679255035286,-0.16327137756047874,-0.2873741926054817,-0.21481734357499735,-0.09053776164903801,-0.35976685650919993,0.20425780477172176,0.05049518745856553,-0.5001471998648377,-0.22846611254875218,-0.10939136667083557,0.24267488554864144,0.12530088228427724,-0.11161327499995082,-0.438672975161153,0.125607764057834,0.22668547735630043,-0.30617481679804226,-0.517493755513298,0.4802826478238529,0.0687389941537985,-0.1782071510600827,-0.4820410813824121,0.054890202962913005,0.08717805439598006,-0.2566803635887544,0.13203232544498164,-0.21720586119463997,-0.40921482839449735,0.6231670507207914,0.018908138751792026,0.18745847134213908,0.5634511066918216,-0.005585948867682437,-0.3708219072110951,0.06716074684419411,-0.3058768258634323,-0.525836580023987,-0.3989043078593984,0.4191750977624369,-0.39328146566475786,-0.0415719673838041,0.07515013066337423,-0.21480912103243496,-0.22846611254875218,0.23484580059013718,-0.5437217525763268,0.4822727511318021,0.2892688494679659,-0.3059761174756835,-0.0425451135647656,0.12422724175358478,-0.29655240424767,0.06374134460923964,-0.27914805566867085,-0.5494092111469335,0.04485863678731787,-0.4242818057452695,-0.2719610060388582,-0.18217961148554906,-0.18302271544538,-0.14992291146488712,0.030015203849848248,-0.10133864461549624,-0.5323072702471928,0.3000159806423662,0.16981234949464444,0.12988600484624307,-0.014296015775797942,-0.1580048169938182
18,0.5674884999151703,0.5803531143500685,0.22800484304449486,0.7912629191991408,0.6235035311457783,0.23523235455911534,0.013634253531168494,0.8407547216223404,0.6717168346310958,0.5549022196523193,0.6859111657933629,0.20216321692153338,0.5422237428566979,0.9125580119990717,0.11796652761424754,0.4799576777096489,0.8009699157279075,0.2584678670101126,0.2685549337563966,0.030987328112295553,-0.2133039969609244,0.14144071990739632,0.5000651598289806,0.7880797034779262,0.6988323621584616,0.05564137680117345,0.2961155305759015,0.15847887638802144,0.2078684975362387,0.12970084986936034,0.40050786030741664,0.2658071809586017,0.218052071378276,0.839031876624996,0.6356560317941488,0.34911013392512547,0.0519342277375784,0.45952612341400895,0.5838810103369739,-0.044269212163987846,0.680707136729756,0.8905966578854696,0.48740852140508134,0.1352252569718728,0.7656743597473126,0.3222940018469929,0.6583516146756252,0.7042318240728127,0.4123478666199645,0.805960051820813,0.3145108813866058,-0.038850617214096,0.3829895231517551,0.5907531000407732,0.41301060332800565,0.4332616521022489,0.14507738352378272,0.6653312307007774,0.18764531158942796,0.3414229421915058,0.6063423432414328,0.34136689164260003,0.16159877724525154,0.430117776876101,0.17628841348823673,0.3725150203880305,0.1477385136144426,0.32387835772608004,0.5640272239252926,0.6058372641325366,0.4719160005264431,0.3944157935571386,0.3298634865783916,0.6717168346310958,-0.004590886983668182,0.4237484088525984,0.16922014595020374,0.6116030553546836,0.782456484539384,0.243190271360952,0.4152766970631474,0.7443220297572057,0.5009869038265666,0.45679828463556765,0.2413472660629176,0.6070023053942974,0.5242782183816593,0.597639609364733,0.673473218282389,0.6073364668708351,0.027035646959572317,0.21682375327668935,0.3813062021898089,0.18764531158942796,0.6482519832917278,0.33777101667015585,0.5153760414945978,-0.25554459946848396,0.11002244826217729,0.5739650427178822,0.41118302478475527,0.4016518307793379,0.18426257275888128,0.41530255331165333,0.6285136225165316,0.030268049884231568,0.5610244389336283,0.2973653048213379,0.4278401180097289,0.4854922912343823,0.2600227773198007,0.04122828065865984,-0.0994840443402571,0.28247997728294966,0.5368800688602211,0.0444970067350826,0.4125103526000742,0.26522611621851805,0.25506289130376786
19,0.32100831415164643,-0.27494841875612475,0.2575527660546131,0.6953471782087919,0.5651088707621472,0.3561731062122044,0.10092494290729978,0.6047186611435693,0.5156122099969511,0.24996435799716613,0.6730696900733297,0.03377632647997648,0.5069322848155394,0.9135021804542993,0.14245187135082826,0.5911693756818676,0.6763420466876852,0.24421170472648884,0.1270182492907014,-0.09453324468119756,-0.21064227124789484,-0.07836415077288836,0.1040619845524756,0.6627735893366457,0.6718560947475025,-0.02091983437294632,0.38113375094912977,-0.07597488400337594,0.37874773241524545,0.47068631492452273,0.4889356401609099,-0.28694457047799915,0.2261546637303922,0.7124017796379168,0.40170888902770224,-0.4515304366642955,-0.07380084735692068,0.3135944735497398,0.48282527173491757,0.24147580946098085,0.7107764786209635,0.9195481361359075,0.19066739225776938,-0.07698966354606367,0.6908145245722429,0.3725978278927404,0.5396041314347373,0.6712297136509947,0.4338343343255691,0.8192951350889045,0.18435146585639572,0.2259055724296743,0.31578155433831484,0.25499033678386135,0.4089643851256483,0.4483592522316653,0.0802111834906839,0.5649453819671378,0.22194055654829764,0.06926500648440707,0.35407103573624993,0.10288018276664673,0.15811412348337445,0.6115551954444411,0.03802919361518712,0.31861262660864703,0.24740243262781214,0.46998210416131375,-0.34383387221259104,0.48307934190292623,0.5493686884157436,0.45978031035531114,-0.01322343714945542,0.5156122099969511,0.060542533693819754,0.06638225131156807,0.22042790096555276,0.541607613198488,0.75828007836006,0.47422794703900456,0.426505968525144,0.6667237053093954,-0.18410250894650862,0.487847679405973,0.11667624812288954,0.5041556921993285,0.5535130151897291,0.5864660117410649,-0.4193250913977983,0.5443593341187208,0.04104637183775698,0.027401199658511028,0.36403483870677855,0.22194055654829764,0.654026356726065,0.48693726611642396,0.4405380257505755,-0.28965909391719646,0.21853417131648606,0.4510655867644717,0.48980128582406784,0.3462218293908587,-0.07430174343348116,0.3229998180364546,0.6347854523857247,0.01129773957929456,0.5516674612443633,0.3091911555819138,0.40102084353434025,0.2730333527946302,0.3266572203510479,-0.028151867473002874,-0.015623982038863695,0.40291744995621,0.5990091837871316,-0.17833477592504285,0.16372521489734385,0.28402601251686893,0.28274984050453167
20,0.5080464698902409,-0.3947437830585452,0.1466021322920556,0.7223414283346568,0.5345812679596494,0.03802119040286701,0.10355362101357979,0.5363269997984298,0.6433089004343119,-0.5767527174980307,0.6501026345134405,0.15313861709982954,0.5759589002383245,0.8380884789124102,-0.006956242753109875,0.568470494265335,0.7522677659949196,0.21719207674284036,0.29188827152947094,-0.02889761807540479,-0.22951697629998818,0.03213133445310683,0.3838334424516375,0.8066424992977446,0.5244169426480078,-0.01791972629431855,0.2746773983488485,-0.42722315022902246,0.3708512652680377,-0.07216408960907045,0.33408372561905314,0.0071835713154093945,0.1881050620299467,0.720377696129322,0.5880157884073759,0.38060464042825437,0.12892449709082285,0.3622870326461615,0.5630093284025478,-0.12308942975025891,0.6092712878810489,0.804101333411857,-0.05068584643768346,-0.08898209613021466,0.5228914250576121,0.20225121597888668,0.4730042566824991,0.6950724146506148,0.3253114689451644,0.6737518340643854,0.15296075126495096,0.07975118019432183,0.21938264793099846,0.37898715886826023,0.2785459255433746,0.43422752909765033,0.15082223534680614,0.20615902749897086,0.12091103943347718,0.11122822866921252,0.6694198732115171,0.33568809696382584,-0.1853781554560493,0.5129278121778689,0.11341639366287444,0.23661613902391043,0.06186217516382392,0.15478515373284701,0.6299154143360406,0.514989878959778,0.6065714214843826,0.31578544031406497,0.19792848993875098,0.6433089004343119,-0.1400860054975973,0.3546228309018777,0.1634108155014158,0.40405859204211053,0.7547035216350169,0.4965371936306948,0.3136472258122842,0.7235714048321132,0.4762974827049281,0.3854833381169532,0.15862203840634248,0.5034831982197265,0.5186370746600244,0.6099522039503762,0.6316793967481009,0.449997119553702,0.0022396063213775694,-0.030916738678039922,0.15306506033477948,0.12091103943347718,0.5919427112359581,-0.48563457425665224,0.5000375774030139,0.2761597683722877,0.16085396534077742,0.42393886488406884,0.4356791116771149,0.249595713511579,-0.08100982639179402,0.23769107585563054,0.26481735992953864,0.021425966454419885,0.31826651677020673,0.2480380144838712,0.16070695502435545,0.32130115386416186,0.22022590097779848,0.04621001232848449,-0.1062821840562985,0.08416197119032713,0.5918194684919592,0.22572353357543623,0.4334984650942611,0.2852197441854667,0.13567214554528623
21,0.10737014718917207,0.3215619608968179,-0.1630855960596473,-0.3241035813812789,0.22692206118688277,-0.2407516513582041,-0.33482971280332746,-0.7711893017537655,-0.08554258235787873,-0.3047127259129675,-0.5952691425062419,0.028154011839553687,-0.3229315090676857,-0.3457484678226769,-0.12425403627575457,-0.5137748740159519,-0.35580820311435934,-0.2264323483885572,-0.07906629845856984,0.09118262313518054,0.029343982000952642,-0.286703919967308,0.05097187365496488,-0.01566965929203966,-0.8087954706350899,-0.00431239204040158,-0.29990973849635616,-0.5754167922553717,-0.3610539385540879,-0.3657158248449646,-0.4208889359249533,0.2838173450447706,-0.15482393953092918,-0.4484635484030255,-0.2225363447398022,0.49709293019289474,0.09071730906969741,-0.11844965540267578,-0.16940006053176646,-0.43830655184054174,-0.7180439753952266,-0.59867592651522,-0.29647491133603704,-0.08621079479761626,-0.6149366008472058,-0.3154476278768914,-0.1538337590659123,0.028311884335546968,-0.346426160815701,-0.6056829286712416,-0.1654710879405874,-0.31683180309806486,-0.5197887247542703,-0.027487980022442248,-0.2050696723656126,-0.37151725265199015,0.031246481467538924,-0.5898231739323174,-0.545798695857287,0.1637612766944105,0.23182874570038078,0.22412117290605327,-0.31528530928363396,-0.19705649701264139,0.09252266709512653,-0.3280079558088051,-0.252562261025856,-0.43546327495803316,0.6484838591796497,-0.3719155214953554,0.09929675907219554,-0.39802153633076226,0.06642736615412141,-0.08554258235787873,-0.18945611757650077,0.16846020934556108,-0.24724647232994273,-0.7812072996612857,0.6802268208020388,0.0716709494407537,0.007728121443511952,-0.1476404920257663,0.36615403907691146,-0.5489038287176498,-0.04511777111900561,0.17594490728790127,-0.4092535323219758,-0.04133702578976481,0.46429733668808815,-0.4629559781045213,-0.04595279001811912,-0.0457229819102494,-0.4502410712969251,-0.545798695857287,-0.596110113937406,-0.5127837560453115,0.4808591562424041,0.2927715006097535,-0.2908640322977809,-0.6133044899149332,-0.3559860245379031,-0.2883630957243987,-0.04842307873676782,-0.5923073496530604,-0.5642722336526576,-0.02799275377110153,-0.5070323862346423,-0.37655861278574615,-0.1454145295112899,-0.22033840624433812,-0.23203563077372208,0.05534577392121474,-0.08298257981102591,-0.4171515499289203,-0.646508317191256,0.1851570233945574,0.07700540796500285,0.05259547891235901,-0.25844109618367406
22,-0.14555398920815757,-0.35959559992845314,-0.2818246597220789,-0.7116069735217387,-0.6762262272946069,-0.3905440240895175,-0.11314166647141509,-0.7755304820097964,-0.4609684077301197,-0.5966446781542704,-0.6908940668952278,-0.02955443965514008,-0.49905332866842095,-0.9429450586647761,-0.13089698288908658,-0.5003509331505139,-0.6452414559403031,-0.2595657256455243,-0.21875688194139298,0.09355688889173318,0.17217390828866866,0.17389169321069373,-0.3317211875110566,-0.662298184328109,-0.6628608436836803,0.045992379388551614,-0.3305792980605887,-0.1828632847571346,-0.290002460049677,-0.34002927695383584,-0.45914185504532234,-0.12155143182932568,-0.21284088074210927,-0.7730809448774094,-0.5697898915494535,0.09757124812761751,-0.01335942566381651,-0.35027961184675566,-0.5026040342979513,-0.22476503134396783,-0.6929031923492118,-0.9507426569622001,-0.4046472074887628,-0.012398421446280242,-0.7596454785622822,-0.37504129640726275,-0.6581316000927119,-0.584472346835635,-0.48749660571105463,-0.8302038057671876,-0.30073703989575146,-0.18225010109008916,-0.44528687889474194,-0.46510693038360107,-0.36353926725350255,-0.3945753445737388,-0.10997610614259878,-0.644342665370287,-0.26278133759746564,-0.02383451034271592,-0.25730941629391135,0.18463502799753828,-0.039793213957778024,-0.4489498427929803,-0.12358874007954873,-0.3609276882145521,-0.19618131118918128,-0.40902450875670704,0.21627555883360333,-0.5995744177486947,-0.19791751641151267,-0.42866178174929415,-0.041179115068947426,-0.4609684077301197,0.0012131814832236124,-0.07463530774715983,-0.2061944303141544,-0.6486993117265172,-0.75328734104081,-0.2738724462423051,-0.4060465491903855,-0.6561465102843141,0.1911831043653503,-0.5011712372446899,-0.10315427812121322,-0.5396405925801763,-0.373884092896853,-0.5188173991311384,-0.6369132391832454,-0.6339338423785837,-0.048942152697426466,-0.08897051127159923,-0.3768610764971282,-0.26278133759746564,-0.6537290200501891,-0.39820556653568384,-0.41660951700737536,0.33845003499884635,-0.17981645411662125,-0.4072756764458153,-0.3946302378479699,-0.3992933011530461,-0.044947473173073585,-0.4529150291753006,-0.6614089913476242,-0.016875423070655232,-0.5864480489779236,-0.3294187423891057,-0.3769801978033635,-0.41457616759437554,-0.32199620614742896,-0.03240596515060844,0.0539532786518041,-0.3464291571252365,-0.5237848224140664,0.22516544617301734,-0.08853231121185892,-0.1689490767216696,-0.28098164671601766
23,0.43276622215552435,-0.6408627697750728,-0.2269427137499115,-0.7866886215622361,-0.19388029040244606,-0.15639854086693328,-0.012175655676021132,-0.7200895134805794,-0.3896208473539508,-0.6346165592183745,-0.6821473843659294,-0.07972528614720766,-0.3241817497299425,-0.7018564408966309,0.0009922743798713369,-0.21622866980400032,-0.8084380934449545,-0.23848657024196276,-0.2480668303495478,-0.26955429495822236,0.0958775792264726,0.17020276533077552,-0.5320169612124998,0.21313272237778716,-0.6186494323357159,-0.012051735161024516,-0.01538596316516884,-0.40694490128869526,0.15376780419378167,-0.06174907206029385,-0.3658132377726146,-0.3117183749270296,-0.07043104349481125,-0.8422467355672738,-0.6097872221185829,-0.40073391255727536,-0.14092990152858018,0.1292090476424342,-0.545472711198663,-0.1265632649004967,-0.7324470209080676,-0.4930709585898983,-0.24140122815921494,-0.10638871884201258,-0.4301790637920687,0.06847500316072026,-0.6057784579796573,-0.13591821563290113,-0.5350101313450848,-0.8385345074077587,-0.2554353391105701,0.036238794985660634,-0.45371548052326455,-0.6273658754933029,0.2588613985569711,-0.23433632580147645,-0.1409572710795404,-0.6512317077931504,-0.3651458794509428,-0.12361708642211366,-0.4870232485559898,0.2730100382825082,-0.1683994985187084,-0.017486954655638133,-0.14741006084706926,-0.17025261314189027,-0.04248696338174499,-0.23840920167207075,-0.5054036910054345,-0.43243051440562386,0.1489702061420081,0.04036586771655448,-0.35876171738593754,-0.3896208473539508,-0.14315762799172982,-0.40535093437308145,-0.17885599450348025,-0.38990376535942306,-0.7467557100300064,0.1477060450391086,-0.11741649191417516,-0.6231993307026454,-0.12053462831320695,-0.44619197653698767,-0.18948979575577926,-0.28465149378891375,-0.12232752963190918,-0.24509203233353485,-0.7608856670597771,-0.5604218063010415,-0.012658469528313357,-0.1888456474207592,-0.4931091223304125,-0.3651458794509428,-0.6280627032970626,-0.3937185769527416,-0.43839630023981346,0.24458185848369074,0.07143620922990618,-0.6046220261751121,0.12318268604826262,-0.3820690645836162,-0.15341812497806698,-0.5236032765658241,-0.5370604580666606,-0.03560964055150405,-0.5684890182848904,-0.33831190183711796,0.07234595697076335,-0.48336490203362475,-0.2514750962758666,-0.03870715948540295,0.13937044710049556,-0.2513707089661198,0.006568903903342843,-0.24282756619794932,-0.0955993197695004,0.16482318435219395,-0.22277040225958025
24,-0.4993170263468359,0.4992951443480523,-0.26634906105758027,-0.7993255302630169,-0.4915073931084527,-0.35212762991129565,-0.16692888692567137,-0.8423741239212781,-0.5769642621459455,0.4025752033524697,-0.6802225665895507,-0.17487634462311483,-0.513932905548347,-0.9435968757332512,-0.17448515304853782,-0.5970542489364377,-0.7959069269489902,-0.2624511751851026,-0.24012968756426742,0.06905723538253963,0.15912651500870542,-0.20438549130394176,-0.47576756430884143,-0.7185347651564938,-0.7572301987657012,-0.05653974855663867,-0.3177798701407981,-0.4331218882841505,-0.36876061075970723,-0.28504431846762907,-0.41829827896623195,0.27833059965237855,-0.22250860111159032,-0.8241284401506189,-0.6065349368309878,0.23273669566655195,0.006617646506464561,-0.4675723890742555,-0.49315365569683317,-0.21660026749874153,-0.7390412701531344,-0.9553209608227555,-0.46293520998550836,-0.12008918891334168,-0.7565944651226975,-0.35168368733530203,-0.7062644318804826,-0.7088881907979101,-0.4562567733268259,-0.8458356623567755,-0.2780862962302088,-0.20930099810363664,-0.4264792480007693,-0.6044648238029615,-0.4386390493669033,-0.4789933259564176,-0.11638086228182071,-0.6652716163071045,-0.3657647122920599,0.033284086703159306,-0.46634829533194716,-0.26766526639200117,-0.33374215976481264,-0.39590946825045664,-0.13022730528195034,-0.3665611835467372,-0.21456578153701084,-0.3690026788007973,-0.33517423428977877,-0.6313396142692902,-0.2994917877819206,-0.42445225557727084,-0.32658165884773055,-0.5769642621459455,-0.09093407995643639,-0.3513957091060468,-0.2168217890284852,-0.6748883325414533,-0.44863301408685746,-0.27631745189313706,-0.2699694490492038,-0.7143283922171546,-0.17029034544248628,-0.4761498594305654,-0.317018622888198,-0.5489985942376447,-0.5048948476492553,-0.5222248730918704,-0.6633179478283376,-0.6119966548535265,-0.053289637529214555,-0.16655402058993501,-0.37524312536340454,-0.3657647122920599,-0.6669326104523068,-0.3103734547527778,-0.5552011638918601,0.3180048285171129,-0.18006427325046442,-0.6306905587130153,-0.4736869917800096,-0.40835690828397947,-0.13070201487539784,-0.5375740196834304,-0.6682622377059986,-0.032030498257834196,-0.5982333969669107,-0.33754832104952337,-0.33072254689816377,-0.4891541919090494,-0.31653248183629584,0.04545511363734526,0.03878684771024002,-0.37054628084952707,-0.659364486254541,0.165806761174156,-0.12971115436639777,-0.17705404259996002,-0.29919667844434333
25,0.5025100609354318,-0.3253137169759691,0.10752672708480687,-0.01155277067998388,0.48244440130034233,-0.024699368588561862,0.20952678016807053,0.8073292570701255,0.6633159881057916,-0.5023807630882992,-0.646923892339998,0.0067631871167752305,-0.36883319635911266,0.857845690128418,0.29160563204477064,-0.2846724355038773,-0.3484859987395216,-0.23012837796013105,0.1620303259354534,0.17172864196379176,-0.11002694371891601,0.07254163374793658,0.18580330650500598,0.1798912291391183,-0.5678003807272851,0.04780442758659192,0.13563936801358478,-0.38841873993647397,-0.10853006371351184,-0.15495474871018275,0.01370318708015906,-0.020869444516224828,0.12601214781336162,-0.628787781700346,0.5727197361298293,0.18834567951340775,0.0872626042784326,-0.22633783124008564,0.49504060108501274,0.014783429072121724,-0.674903815609419,0.9547544423609752,-0.244801706727299,0.15962195022217449,-0.16708991375382728,0.2740233032858497,0.7259660263986036,0.5703286880434449,-0.36311066914480944,0.6632854627452166,-0.04743540211443302,0.23336511853359318,0.4012210663285789,0.19946655926535037,0.040740539521375775,-0.4162634041908978,0.1700502197081494,-0.6074612567154363,0.0708700965060453,0.1288413626766897,0.5189536186278327,0.25366429419872993,0.10727993630778544,0.21402113936937042,0.18031935739708435,0.3460474520584097,0.14874005306574895,-0.03907941257938596,0.7309536179251298,0.5944923147008745,0.10490491749827963,0.236353698166354,0.21230821828796204,0.6633159881057916,0.054493996499514606,0.337270203691666,0.1625850440351212,0.61275109366083,-0.6603288724499452,0.04899838622555692,0.24779085766171563,-0.05267165121858733,0.13964666177645654,-0.31094163401586733,0.1433917534138987,0.5889275647898484,0.39300467426065083,0.468329396352049,-0.048562676998887666,0.20023981515001724,0.0652894924197408,0.24059543619452808,-0.06609741109629078,0.0708700965060453,-0.6190353152470027,-0.4046888040087141,-0.42817927797504846,0.3174064121670995,0.09909533722899072,-0.41590983109869234,0.26374498299323235,0.04811774773121224,0.21037957601829485,0.5878050794893392,-0.277834410820188,0.03429469335338623,0.46968925840311065,0.12187679598919363,0.06221730850282136,0.1397229904807051,0.15943302706383958,0.0363201497096073,-0.07652689931299209,0.18711412639164177,0.2710285704360025,0.23142568700784208,0.2081614021871456,-0.008621947460794588,-0.22207696251419587
26,0.06712613787973085,0.4699397857138132,0.27481018093052223,0.7613509237832077,-0.10983442099619602,0.37924251435350903,0.1451263199329601,0.8325433437383821,0.36790292616344916,0.6616327415975655,0.6900908197431773,0.07357760881756081,0.4540774575262468,0.8982693000464379,0.06376382449926962,0.5201944515842789,0.7801351060943229,0.2576910346706395,0.22297056770591328,-0.06978565414007658,-0.058574683658101055,0.16725218972513056,0.4221052527272511,0.6937306722910197,0.6743879437859915,-0.019643073569514412,0.35675510159968643,0.46314714037944954,0.42667298872660997,0.4575361899781938,0.45097330300530475,0.18188811036569252,0.2125189724818313,0.7697613139690408,0.5822921198901745,0.02859663120303288,-0.03566277738630057,0.3955613979899535,0.44704830940164575,0.2741713144205223,0.7564238503401033,0.7020366114583725,0.43008775393040266,0.035893893923134516,0.7353658111781401,0.3749592078503501,0.6886581118511157,0.6285605836685662,0.48215903001831206,0.8418062841457282,0.32973996783060844,0.1973575021723148,0.40489168478509197,0.5869050937553346,0.41628027984799676,0.44687029065148753,0.07131188262967121,0.6404141715871796,0.3030668239932785,0.33213085310928075,0.3883457922380433,-0.25619182261508694,0.36043056841339643,0.36173637167435263,-0.09032598933253086,0.18846252689501583,0.24044421834115431,0.431303796714237,0.027154037470312194,0.5273716206012049,-0.041895964700733514,0.44599601435316777,0.28676012780253113,0.36790292616344916,0.33175634287288036,0.23471485149943133,0.25267408046781403,0.6891817104276703,0.742143107318314,-0.1137982880700035,0.12251907008005894,0.5935945756918932,0.32400721266703525,0.47958880286009653,0.30142872732699183,0.4291301207497669,0.5182286584114932,0.5048512729287207,0.7344573851632933,0.6277489608003114,0.047780759722134566,0.06014154073939645,0.20772109529257007,0.3030668239932785,0.6702358594163318,0.43252814166905895,0.48673013847817065,-0.29631318672416584,0.20969335004655407,0.4686082260769927,0.48756377105723414,0.39613818990915645,0.005351867045583165,0.49495700978579044,0.6393104585985339,0.011489174093225852,0.5784742888062385,0.3460445925159524,0.25937937903626457,0.46097167230318864,0.325176808937136,-0.06858171017424307,0.03774411361700946,0.421494619360229,0.6182261927773309,-0.21544738628998114,-0.05883287476204236,0.11708356282922462,0.3230051613843016
27,-0.40494633111801626,-0.08908995851818881,-0.16021518574428703,-0.7702130607570571,-0.28309528464922146,0.08301305138233504,0.19847102575926528,-0.6023320862767354,-0.5849787881300071,0.45624249162256214,-0.6125990753715559,-0.1975765865341994,-0.3863884874941186,-0.8306751977013426,-0.21600167644904622,-0.2300025302924082,-0.6695433505519659,-0.09034218926870179,-0.1437470006940626,-0.10693766226067303,0.17049918353393592,-0.1288427170551779,-0.30372629660499645,-0.3280840284383159,-0.6676345193011142,-0.032556466891336774,0.14870947374646798,0.4149895879856406,0.3264176610745523,0.30809802634976674,-0.11396330223757889,-0.07735406736137937,-0.024404744830268086,-0.5922139524561477,-0.5636584774013539,-0.2736744454243755,-0.25593547044413,0.20845498763960182,-0.5476173473245266,0.11918777070151221,-0.6155079831167161,-0.8308365564617938,0.09087350290545258,-0.09346181242249443,0.24703773231828252,0.03274683826125871,-0.6497643226748785,-0.6117472598504422,-0.041251882593410324,-0.8338835503275616,0.028781026564194616,-0.06459150874573538,-0.42593543437161896,-0.4000129410227022,0.012941456763121306,0.2412318672995899,-0.1568406853790833,0.2711931553159652,-0.14966411535786425,-0.12430482726666396,-0.5403267577181808,-0.34462970574998825,-0.08690690349970107,-0.10198185051256675,-0.14770516159572258,-0.2406176030332184,0.04277540278689085,0.1043058892017131,-0.8037277199017494,-0.5705863543561418,-0.4343275208984241,-0.07558193189389195,-0.2571049175450529,-0.5849787881300071,-0.08641833143864348,-0.415252483979108,-0.11958328195544304,-0.09107103243217522,-0.7393549942600685,-0.0631737526298915,-0.24034865964132202,-0.6444292100813053,-0.369104042870696,-0.29032248558657003,-0.22006940842720554,-0.620682455280519,0.1298794048103599,-0.19486517267788633,-0.661311480719035,-0.2302704426765518,-0.030185868478125065,-0.17549694649065406,-0.4540755532882775,-0.14966411535786425,-0.4515515167948519,0.4562875405901388,-0.4800039730926249,0.30425289024626906,0.06522162670689065,-0.5859272880126555,-0.02691503136050002,-0.14430084522267383,-0.152297185583122,-0.38632169232901453,-0.06495499269572341,-0.02744751032133063,-0.28779638181016237,-0.3052968332685569,0.052044662104559006,-0.27426085099874414,-0.23893679829982203,-0.037129734836632684,0.20687521140494874,0.1673450623441339,0.11375598613850259,-0.207148499870789,-0.19543628696751894,0.08989840085665256,0.01624255486876167
28,0.4258457760933796,0.15702162603685868,0.14903824040440714,0.7359339349386168,0.49294629516504335,-0.1705300087274941,0.01119340823149905,0.5763508988894193,0.5870950872348932,-0.13640022147148398,0.6869628898106634,0.07682918827155201,0.5185133319200018,0.8844855236934812,0.18059894129308215,0.5358462967072647,0.7569056196159492,-0.24886837081248123,0.16024000214493736,0.05854870001709903,-0.23907400787617078,-0.12236880786305603,0.16842243103193436,0.6768424969998774,0.5960479376152793,0.005008127083959298,0.08791765103701069,-0.47022369360293287,0.0008350997367355687,-0.32994348329898443,0.2760406054451698,-0.06507358553421148,-0.22032841115839372,0.7338333015843462,0.4551955790449593,0.5143323913634635,0.06406241389705346,0.26447140835187705,0.526740633348762,0.023155642651358558,0.6350801576663516,0.8845899640402027,-0.13337983856108893,-0.01652389619600291,-0.2963392800506085,0.1658222131278587,0.6162695891866534,0.6676340018522736,-0.34694235254532424,0.7672917501630279,0.01634310455585115,0.16577901097818704,0.3328101536123504,0.35527934939324,-0.3817375063251143,0.23572214404981953,0.12083456139805314,-0.5975695254270568,0.12675037801958944,0.06258047718107243,0.5090243964322115,-0.07060115875729325,-0.10367040908671506,0.36638028428607017,0.12212496175474535,0.3375482232868569,0.09578468964495103,0.09988319664399857,0.5061714432149134,0.5728584974222952,0.5406366395608566,0.1967087631882327,0.20559544376855873,0.5870950872348932,-0.09224801338810593,0.46766521389502846,0.18465823550120417,0.5565985489034951,0.7742492762839102,-0.27722372099848686,0.3082267495863533,0.6929328571572467,0.35365426126074223,0.34664585201921844,0.11259810189098998,0.5982521643851149,-0.5296586727312503,0.5108592054298112,0.676266084061314,0.2037124567180934,0.04326791525201731,0.06469076197546489,0.364215357111646,0.12675037801958944,0.6110838140684589,-0.46628843683128834,0.4420699243848044,0.27691815885952,0.16088533022881715,0.4694430203550302,0.34962844321418357,0.21141425979130155,0.04463045193520344,0.2877382701418064,0.04771765534027654,-0.0008229055621056041,0.2881178163673205,0.30120085203202224,0.13749591079762097,0.21675994175439398,-0.3432969266980633,0.048557504211367265,-0.03341941023160269,-0.05364926245054372,-0.11865974111946688,0.21486727289553748,0.09428442445762465,0.08924672717101423,0.08774011914495942
29,0.16043793071052398,-0.1155625144458851,0.20668690965785805,0.6988690275235595,0.48198223581781535,-0.006378242363402088,0.09395094398346196,0.7611574895096777,0.5760543230664674,0.09953107233690985,0.6543851715852903,0.06749024566887789,0.4842090984020773,0.9065312182083952,0.20742789556141703,0.4878680681882088,0.7328594536764871,0.2674561863298771,0.24535523498370845,0.12852154871139052,-0.22033497181461328,0.003755287766320332,0.3933574643331789,0.5918628698724924,0.6311596139880908,0.02930472224506586,0.0370485453955052,-0.12198819899806601,0.1983806427690389,-0.10421099622691707,0.3233552295357332,-0.024866867956202687,0.05761122887824787,0.7796988946357362,0.6610590436282722,0.3000278554318509,0.1460839242550943,0.07164200849905049,0.566378636009291,-0.23139265321242458,0.672195407760849,0.887686280116924,0.1803108602485132,0.068849151658065,0.5090419385740356,0.2296269427251716,0.6781862177546105,0.6037556463538698,0.36809535820259637,0.8218549145718954,0.1364720298444072,0.10636034437480249,0.43894871243889305,0.4992298046928046,0.16176462434284913,0.4759277052680823,0.16990042484586187,0.6181984732588867,0.19943822185102594,0.04268504163789304,0.5990138072354063,0.2911047462382074,0.1341253585561636,0.23821403757375037,0.1578754383812138,0.3600686420923731,0.055119690369130205,0.15497816583469362,0.6413302391636301,0.5940979713247115,0.017847712632489323,0.24100561288614847,0.28779294550243106,0.5760543230664674,0.053902628997290813,0.48084884723528515,0.17618629391653473,0.6009878635216422,0.7324497853133861,-0.021536730969342246,0.09188832559853836,0.7338879798981995,0.5336362143794299,0.3730766839457167,0.16768604188624997,0.6260094045123881,0.19834662689841379,0.39505504509205924,0.5291380832943049,0.5356534840376697,0.02952424024768055,0.15036562522671734,0.362594954325281,0.19943822185102594,0.6107199491680364,-0.4517223871970729,0.5134527575713518,-0.23768176124537735,0.0416864702115099,0.497270214953813,0.21657797323827954,0.3592698645241536,0.12465199877498197,0.4025760729104225,0.47388127297669774,0.03473994623199849,0.48142258013096595,0.2816758524642946,0.1807566238805735,0.4413941136894119,0.31150954036265227,0.011912378357158292,-0.3177581702216244,0.09469247984014408,0.41075814688934614,0.2039480579322677,0.3456495488276677,-0.06123787131349193,0.17434656494495032
30,0.8463649357737126,0.798809588510091,0.46511459701397534,0.8860209905922115,0.856850461010069,0.5646882245369621,0.8805321177940904,0.909503429223489,0.7860362999388344,0.7837068860931082,0.8052234614051901,0.5101702892116532,0.7060761038386941,0.9717877392376163,0.7797778003834622,0.6612183204180687,0.913607884123855,0.4133153603715077,0.5346529985692596,0.6552118519712071,0.8697215851389286,0.5852155639175901,0.7072954544394898,0.8827420318367447,0.8994953594032015,0.23199747482368013,0.6682730088726117,0.9055754418089144,0.698048331157892,0.6211164175699027,0.5801269454422572,0.5235112560096608,0.2741807916784798,0.9302056813081858,0.8617619281389514,0.7343025639990155,0.5220067569692198,0.5977733193325748,0.8423840335192845,0.77833175711044,0.8745459263015105,0.9931314554190501,0.5607011370251417,0.6110239566334048,0.8340254678867218,0.5280820948303874,0.8471694391268759,0.7948902798073251,0.6399021728140787,0.9430235771013434,0.4965638291584945,0.5211684583134409,0.7924974751861974,0.6855188069943531,0.5091822711500009,0.5723352313811678,0.28895839472281604,0.7411835951221558,0.8337569711969985,0.4967368204519945,0.8355392160709629,0.5399600575380644,0.5794820999545969,0.6604034220346037,0.3770316075244232,0.6083482797588269,0.4849196710749536,0.7873797965642568,0.9297259841740385,0.7717627844526334,0.6873820300498084,0.7062618202683975,0.5538257525051696,0.7860362999388344,0.7726355879454612,0.7793621989573379,0.4612179809647448,0.8909624562598512,0.8350379953468324,0.5737896966573335,0.5954448242165034,0.8322243091173112,0.8782132615092817,0.8365301843792483,0.6494955620261516,0.7141572245828969,0.8918565831304484,0.812150559821885,0.9005898927900152,0.7233103737412742,0.1274850797672452,0.6419722792401261,0.9004952116738233,0.8337569711969985,0.7454278166555139,0.8660848930456373,0.7093921739119097,0.426445450749619,0.5079758487986186,0.8625370372098241,0.7670994202010593,0.44170413736745484,0.6265473826246865,0.876272198489499,0.7757855683358211,0.2216986563927535,0.767812289632806,0.6290367678087938,0.5838452387460377,0.5680408040901025,0.3887492224386907,0.42006615679563186,0.6194324727391081,0.8126252946635596,0.8750491159988465,0.4269135448927209,0.5909590365727466,0.6932388425156596,0.4217633635406878
