,finetuned_pooled_5yr_layer_1_corr,finetuned_pooled_5yr_layer_2_corr,finetuned_pooled_10yr_layer_1_corr,finetuned_pooled_10yr_layer_2_corr,finetuned_pooled_15yr_layer_1_corr,finetuned_pooled_15yr_layer_2_corr,finetuned_pooled_20yr_layer_1_corr,finetuned_pooled_20yr_layer_2_corr,finetuned_pooled_25yr_layer_1_corr,finetuned_pooled_25yr_layer_2_corr,finetuned_pooled_30yr_layer_1_corr,finetuned_pooled_30yr_layer_2_corr
307,0.2143196802427476,0.19861308127444502,0.26709308146210226,0.17751393419349826,0.31092007388369786,0.4447027417712013,0.23330790760571793,0.3633085837098909,0.5562721258108578,0.5806107282077758,0.5839496212092318,0.5400331579331146
1067,-0.06996787238255582,-0.3732375039642462,0.5256518934969434,0.4111692725241353,0.8437422923837401,0.8433622654688725,0.7372378406106508,0.8214396513395368,0.7542496965653036,0.8128310645727191,0.8197514774551609,0.84605775223126
938,0.0464028989583971,0.1744858411920413,0.37631880588591193,0.3051771102627267,0.5177663729838305,0.34765281588357927,0.5704674237156084,0.5395222707718206,0.5985029628852878,0.6303945030203352,0.6450726683153281,0.6320864502090489
601,-0.018881892264401404,0.1146149729062328,0.113344070967804,0.233203083016225,0.2666866663242467,0.2708733040432683,0.11859427705505142,0.2912690845330592,0.21424254929047032,0.2775927785366578,0.2473837394011034,0.321294686036623
293,0.4046301129349612,0.3076786627408613,0.11968594176526286,0.4450407096848058,0.39435198196429533,0.38946599678837135,0.31808894357336004,0.28338306454525825,0.3702571488670327,0.32603111384903166,0.2393780191844513,0.42272673562750235
1112,0.2643076704964096,-0.3262674746729373,0.5373357896835046,-0.023487248373619807,0.7023681319733264,0.7080788295029599,0.8330644351331229,0.8575733879096427,0.8556051687720743,0.8733815682437576,0.8633486772973671,0.8806531360112098
1683,0.4251731547673446,0.507696136627033,0.7327539048740306,0.703946875678646,0.6839672025155782,0.6085670072761558,0.8755082237807905,0.8755309804691368,0.8965480683601411,0.8631856310909769,0.8929681430133446,0.8891102281215998
1654,0.37406559741521256,0.6028688076090841,0.6612673018990604,0.681047719440805,0.8198529479222026,0.8198914825917077,0.8622982295320325,0.8815296087052541,0.7917613045889457,0.8837000150006782,0.8907409541699953,0.9228444080007017
1777,0.003980900798813531,0.003447148687405022,0.0040787871058470485,0.00012754501616113782,-0.008864282504129144,-0.00786493201374021,-0.0032623827072910984,0.0003868787017137042,-0.008608501156142616,-0.007866944867284651,-0.010907014307019845,-0.0165293034776294
893,0.09407674567652742,0.16629897286759937,0.0836110272015187,0.2404266357933402,0.20858740465256656,0.367629272664764,0.3985766547178747,0.33823119458401946,0.3122640760520327,0.5268249551632868,0.7151802095964293,0.6595847171350233
451,0.07982308066733385,0.020329527048677607,0.27356803635207066,0.15638933283776152,0.35286009291462467,0.28433440449053937,0.42080568595925494,0.490351263688995,0.40192225003037735,0.5339827444048558,0.5563454246415251,0.5754603784074787
60,0.33551365474238143,0.20547347925743176,0.7647696897566901,0.7339828662505021,0.8083854667779653,0.7480686861783572,0.8544303260314673,0.844641420686806,0.8454420725765941,0.8382990919972384,0.8495401459602869,0.85627104526685
1714,0.7725157959406788,0.2127615090179872,0.8895271403458654,0.885563510879277,0.8026235048761345,0.9041851202429039,0.8875219689132899,0.9117903413056601,0.8993407001591448,0.8906585441080322,0.8597922613989455,0.8338964189925246
393,0.25920484159549045,0.02209124163306042,-0.16920314917357357,0.07720527164838925,0.4834601810333875,0.46518773244319195,0.30375276882992136,0.373248159762269,0.31287405736426116,0.47597065813689826,0.579908159566856,0.4745463914139652
529,-0.07493752797552287,-0.10141761995520256,-0.033974479617689984,-0.0656464435724345,0.03643389262707238,0.10695890008463828,0.0887246404873364,0.1690434248051801,0.11902734758158909,0.06725207438752104,0.09626522243995135,0.09944565874065953
1249,0.09784954094880466,0.07566784007746902,0.21249967865765912,0.20205395578279528,0.2508331665911669,0.23446852261499992,0.2576903094075011,0.19045744183101787,0.10895749686200563,0.14809353938797126,0.16306312200736414,0.23159973354990687
399,-0.10020222137410975,-0.12371546442852369,0.13596854422289048,0.07863444600068771,0.285413210092111,0.3982947727921943,0.43892221674947474,0.5404917658055823,0.49958728756166165,0.5385417754726075,0.7096441527037335,0.7189949007157178
1042,-0.3080793155537889,0.23861688632396025,0.5233314812589063,0.4155762799696987,0.6941671682632101,0.7357571930181711,0.5498978781857439,0.8351684235620819,0.8048222400516853,0.8270425860543541,0.6690126699085823,0.8475262918362984
884,0.057606053650991994,0.09651452613569039,0.12970474253423162,0.12373040228926073,0.10061622425862778,0.07742938637897719,0.22778422223278946,0.15797044806565824,-0.01420279141074681,0.07251451469467793,0.0015185974055343804,-0.0065845451049282855
837,0.24535156422450347,0.03236990579616396,0.025370897606338226,-0.04743418933586524,0.46089138550998143,0.1429801273984681,0.6684526265340135,0.6942265416677916,0.6155654479586979,0.544812841734723,0.6806533104408324,0.641847270814724
373,0.28816833642792267,-0.2028071281488544,0.317892967918041,-0.04135732493850595,0.3406055266571697,0.084685784856128,0.6490679530631733,0.734440588666046,0.5434957530281195,0.5306798199027458,0.6035020519978538,0.6147485876597992
362,0.6303648258450447,0.6225351807247853,0.7868092785269521,0.7527933222427785,0.8271327094626788,0.8323778125837069,0.8557532656476409,0.8447115132319352,0.8474153957291727,0.8470892662685992,0.8386689323239424,0.8409595704538805
416,0.2516843925584362,0.2904167950342983,0.058474918400611635,0.028617692325735553,0.36305462615446576,0.3564288970674594,0.39912899344864783,0.4424741637094323,0.3733494428514435,0.44551474020935533,0.43283833628643553,0.4680628685503109
1587,0.5553332811673105,0.5663835252917228,0.674090281642955,0.8096677149456607,0.8313431047890053,0.8948014336782636,0.8170005712864001,0.9003576173490266,0.9220564061887134,0.8797774052969116,0.9292491293869558,0.9416673762821016
1026,0.42813111736283377,-0.25565358812868855,0.5098136955968493,0.6671275779401852,0.7248454709466212,0.5583882012233649,0.6812391957756323,0.8172476629600096,0.8369128045301539,0.647774558747081,0.8116148699533108,0.7906711745374192
1741,0.45419923290734393,0.2418004382226355,0.7371230562241864,0.6874521260780998,0.7373140274023829,0.7239203638026448,0.7668156709107823,0.7645897874404682,0.7424531009597407,0.7777708757623208,0.7136511235789509,0.7673997728206929
1864,0.36771153222656444,0.6850116148054282,0.6279520658873873,0.742928472329974,0.7950812571176424,0.8191248637474192,0.8542769763959267,0.8637832515992523,0.8443103295556122,0.8807408772720359,0.8754600666756892,0.9385458302592666
1753,0.3134049472338123,0.48499919150305215,0.5119360559987609,0.40130318278494004,0.05377627801082088,0.1377805918390204,0.6158162088745752,0.674945520564472,0.498655087918682,0.617245223550867,0.17978839711618685,0.4508387188304971
297,0.22655984795408118,0.7117404405666754,0.5964869319474575,0.8317643286866406,0.8588340818220652,0.8021545535197835,0.7848211483069122,0.7519920211020038,0.8684488609244928,0.8571713357368514,0.8730185443939523,0.844401646659226
1703,0.29156598683942486,0.25637362156070903,0.447496700387815,0.43263367418929316,0.5457198283669036,0.5713380817803855,0.6089966180336517,0.6605571980701441,0.6070472423543081,0.6236470226598719,0.5879422514461594,0.6005050668247384
488,-0.4078922059505487,-0.34823855411621535,-0.33212726632470935,-0.3427897050773069,0.097106068713842,-0.003288738491747265,0.4297283591934812,0.3026024075158347,0.4330126907152809,0.400338310878273,0.5567999352917875,0.6376150583995758
541,0.21604409516189862,0.41713943005909526,0.48866642722529935,0.5026875080281888,0.5521304970410487,0.5604877542861727,0.5249102938269311,0.6291656490086417,0.5396971904944797,0.5023528498536418,0.5692236704043409,0.6426132207107994
63,0.6509942146210769,0.6517280462971479,0.8366685372733039,0.799819235850909,0.8903929986627155,0.899397414048485,0.8992440399058694,0.8779224483547151,0.90365535200243,0.8958919582199251,0.9056993179638039,0.8885815604040314
574,0.2892298601800687,0.49730675108829414,0.560411444022824,0.5475889832041827,0.6695178392363792,0.6333900643950598,0.6599113085216356,0.6922818781778688,0.7409899473766276,0.7775574636705547,0.7428898848129527,0.7910964016655307
292,0.37957050177803264,0.3794653701297165,0.4071867945678759,0.5101322990358401,0.5630090085223076,0.48438489579461164,0.7070560911316368,0.7572238514677837,0.7324687365514428,0.7744230106740108,0.7370058514535612,0.7472578812782779
