,num_layers,hidden1,hidden2,dropout,random_seed,epochs_trained,val_error
0,1.0,20.0,20.0,0.3,0.0,111.0,0.6367710530757904
1,1.0,20.0,20.0,0.3,10.0,200.0,0.6013924479484558
2,1.0,20.0,20.0,0.3,100.0,107.0,0.6265563368797302
3,1.0,20.0,20.0,0.3,1000.0,166.0,0.6130139827728271
4,1.0,20.0,20.0,0.3,10000.0,212.0,0.5868628919124603
5,1.0,20.0,20.0,0.5,0.0,173.0,0.616464227437973
6,1.0,20.0,20.0,0.5,10.0,201.0,0.6212908625602722
7,1.0,20.0,20.0,0.5,100.0,138.0,0.6399522423744202
8,1.0,20.0,20.0,0.5,1000.0,85.0,0.6932655870914459
9,1.0,20.0,20.0,0.5,10000.0,106.0,0.6837022304534912
10,1.0,20.0,20.0,0.7,0.0,100.0,0.7309784293174744
11,1.0,20.0,20.0,0.7,10.0,106.0,0.7302394509315491
12,1.0,20.0,20.0,0.7,100.0,126.0,0.7112171649932861
13,1.0,20.0,20.0,0.7,1000.0,192.0,0.6860638856887817
14,1.0,20.0,20.0,0.7,10000.0,171.0,0.6659102141857147
15,1.0,20.0,40.0,0.3,0.0,92.0,0.6274343132972717
16,1.0,20.0,40.0,0.3,10.0,117.0,0.5850931704044342
17,1.0,20.0,40.0,0.3,100.0,156.0,0.5885756313800812
18,1.0,20.0,40.0,0.3,1000.0,135.0,0.5943405032157898
19,1.0,20.0,40.0,0.3,10000.0,163.0,0.6120243966579437
20,1.0,20.0,40.0,0.5,0.0,135.0,0.642907977104187
21,1.0,20.0,40.0,0.5,10.0,105.0,0.6274143159389496
22,1.0,20.0,40.0,0.5,100.0,138.0,0.6073685884475708
23,1.0,20.0,40.0,0.5,1000.0,172.0,0.606322169303894
24,1.0,20.0,40.0,0.5,10000.0,73.0,0.7271254658699036
25,1.0,20.0,40.0,0.7,0.0,147.0,0.6511848270893097
26,1.0,20.0,40.0,0.7,10.0,113.0,0.6673950254917145
27,1.0,20.0,40.0,0.7,100.0,94.0,0.6713104844093323
28,1.0,20.0,40.0,0.7,1000.0,87.0,0.6983685195446014
29,1.0,20.0,40.0,0.7,10000.0,133.0,0.6659441888332367
30,1.0,20.0,60.0,0.3,0.0,165.0,0.5960992276668549
31,1.0,20.0,60.0,0.3,10.0,162.0,0.594277560710907
32,1.0,20.0,60.0,0.3,100.0,269.0,0.5619310438632965
33,1.0,20.0,60.0,0.3,1000.0,128.0,0.610853910446167
34,1.0,20.0,60.0,0.3,10000.0,106.0,0.6532187461853027
35,1.0,20.0,60.0,0.5,0.0,95.0,0.6237308979034424
36,1.0,20.0,60.0,0.5,10.0,191.0,0.5985298156738281
37,1.0,20.0,60.0,0.5,100.0,227.0,0.579175591468811
38,1.0,20.0,60.0,0.5,1000.0,180.0,0.5922463834285736
39,1.0,20.0,60.0,0.5,10000.0,105.0,0.6754473745822906
40,1.0,20.0,60.0,0.7,0.0,101.0,0.6765674650669098
41,1.0,20.0,60.0,0.7,10.0,84.0,0.6830282509326935
42,1.0,20.0,60.0,0.7,100.0,227.0,0.620949774980545
43,1.0,20.0,60.0,0.7,1000.0,115.0,0.6675200462341309
44,1.0,20.0,60.0,0.7,10000.0,173.0,0.6481414437294006
45,1.0,20.0,80.0,0.3,0.0,109.0,0.595363974571228
46,1.0,20.0,80.0,0.3,10.0,173.0,0.5701331496238708
47,1.0,20.0,80.0,0.3,100.0,158.0,0.582568496465683
48,1.0,20.0,80.0,0.3,1000.0,108.0,0.609347939491272
49,1.0,20.0,80.0,0.3,10000.0,119.0,0.6271531879901886
50,1.0,20.0,80.0,0.5,0.0,112.0,0.6238416731357574
51,1.0,20.0,80.0,0.5,10.0,92.0,0.6826479732990265
52,1.0,20.0,80.0,0.5,100.0,108.0,0.6240736246109009
53,1.0,20.0,80.0,0.5,1000.0,119.0,0.6052752137184143
54,1.0,20.0,80.0,0.5,10000.0,90.0,0.6647671163082123
55,1.0,20.0,80.0,0.7,0.0,112.0,0.6503783762454987
56,1.0,20.0,80.0,0.7,10.0,91.0,0.7165388464927673
57,1.0,20.0,80.0,0.7,100.0,115.0,0.6563092172145844
58,1.0,20.0,80.0,0.7,1000.0,118.0,0.6560355424880981
59,1.0,20.0,80.0,0.7,10000.0,138.0,0.6486387848854065
60,1.0,20.0,100.0,0.3,0.0,66.0,0.675459235906601
61,1.0,20.0,100.0,0.3,10.0,100.0,0.6200507581233978
62,1.0,20.0,100.0,0.3,100.0,151.0,0.5806381106376648
63,1.0,20.0,100.0,0.3,1000.0,175.0,0.5820616483688354
64,1.0,20.0,100.0,0.3,10000.0,117.0,0.6331772208213806
65,1.0,20.0,100.0,0.5,0.0,137.0,0.6168403923511505
66,1.0,20.0,100.0,0.5,10.0,125.0,0.6225994229316711
67,1.0,20.0,100.0,0.5,100.0,153.0,0.6066513359546661
68,1.0,20.0,100.0,0.5,1000.0,108.0,0.6442654728889465
69,1.0,20.0,100.0,0.5,10000.0,110.0,0.6601788401603699
70,1.0,20.0,100.0,0.7,0.0,121.0,0.7192323505878448
71,1.0,20.0,100.0,0.7,10.0,139.0,0.6641894578933716
72,1.0,20.0,100.0,0.7,100.0,148.0,0.6541205048561096
73,1.0,20.0,100.0,0.7,1000.0,85.0,0.7193622887134552
74,1.0,20.0,100.0,0.7,10000.0,134.0,0.6774516403675079
75,1.0,20.0,120.0,0.3,0.0,141.0,0.6045868694782257
76,1.0,20.0,120.0,0.3,10.0,134.0,0.5891787111759186
77,1.0,20.0,120.0,0.3,100.0,114.0,0.5952894687652588
78,1.0,20.0,120.0,0.3,1000.0,100.0,0.6165889203548431
79,1.0,20.0,120.0,0.3,10000.0,95.0,0.7020088732242584
80,1.0,20.0,120.0,0.5,0.0,66.0,0.6648042798042297
81,1.0,20.0,120.0,0.5,10.0,133.0,0.6065340340137482
82,1.0,20.0,120.0,0.5,100.0,91.0,0.6707107126712799
83,1.0,20.0,120.0,0.5,1000.0,124.0,0.6265734732151031
84,1.0,20.0,120.0,0.5,10000.0,74.0,0.7370752096176147
85,1.0,20.0,120.0,0.7,0.0,105.0,0.7280877828598022
86,1.0,20.0,120.0,0.7,10.0,93.0,0.6716631650924683
87,1.0,20.0,120.0,0.7,100.0,54.0,0.817844420671463
88,1.0,20.0,120.0,0.7,1000.0,62.0,0.7806999385356903
89,1.0,20.0,120.0,0.7,10000.0,87.0,0.7430604696273804
90,2.0,20.0,20.0,0.3,0.0,154.0,0.5785233378410339
91,2.0,20.0,20.0,0.3,10.0,70.0,0.6722980737686157
92,2.0,20.0,20.0,0.3,100.0,179.0,0.5773060023784637
93,2.0,20.0,20.0,0.3,1000.0,202.0,0.589150607585907
94,2.0,20.0,20.0,0.3,10000.0,298.0,0.5348390191793442
95,2.0,20.0,20.0,0.5,0.0,114.0,0.6116980910301208
96,2.0,20.0,20.0,0.5,10.0,185.0,0.5979102551937103
97,2.0,20.0,20.0,0.5,100.0,135.0,0.6127213537693024
98,2.0,20.0,20.0,0.5,1000.0,110.0,0.6351800858974457
99,2.0,20.0,20.0,0.5,10000.0,181.0,0.5732505619525909
100,2.0,20.0,20.0,0.7,0.0,76.0,0.7230725884437561
101,2.0,20.0,20.0,0.7,10.0,112.0,0.6631378531455994
102,2.0,20.0,20.0,0.7,100.0,107.0,0.6239032745361328
103,2.0,20.0,20.0,0.7,1000.0,77.0,0.6959419250488281
104,2.0,20.0,20.0,0.7,10000.0,140.0,0.6195743083953857
105,2.0,20.0,40.0,0.3,0.0,162.0,0.577116072177887
106,2.0,20.0,40.0,0.3,10.0,158.0,0.5604714155197144
107,2.0,20.0,40.0,0.3,100.0,144.0,0.551113486289978
108,2.0,20.0,40.0,0.3,1000.0,251.0,0.529246062040329
109,2.0,20.0,40.0,0.3,10000.0,198.0,0.5791603922843933
110,2.0,20.0,40.0,0.5,0.0,96.0,0.6382816135883331
111,2.0,20.0,40.0,0.5,10.0,140.0,0.5684428513050079
112,2.0,20.0,40.0,0.5,100.0,169.0,0.5618495643138885
113,2.0,20.0,40.0,0.5,1000.0,133.0,0.5682142674922943
114,2.0,20.0,40.0,0.5,10000.0,79.0,0.657380610704422
115,2.0,20.0,40.0,0.7,0.0,120.0,0.6427681744098663
116,2.0,20.0,40.0,0.7,10.0,110.0,0.6100867986679077
117,2.0,20.0,40.0,0.7,100.0,153.0,0.6103340983390808
118,2.0,20.0,40.0,0.7,1000.0,166.0,0.5650610625743866
119,2.0,20.0,40.0,0.7,10000.0,126.0,0.6460219323635101
120,2.0,20.0,60.0,0.3,0.0,167.0,0.5711768865585327
121,2.0,20.0,60.0,0.3,10.0,164.0,0.5412547886371613
122,2.0,20.0,60.0,0.3,100.0,211.0,0.5543625354766846
123,2.0,20.0,60.0,0.3,1000.0,200.0,0.5422235727310181
124,2.0,20.0,60.0,0.3,10000.0,228.0,0.5443089604377747
125,2.0,20.0,60.0,0.5,0.0,144.0,0.5949880480766296
126,2.0,20.0,60.0,0.5,10.0,114.0,0.5766362547874451
127,2.0,20.0,60.0,0.5,100.0,135.0,0.5860802829265594
128,2.0,20.0,60.0,0.5,1000.0,83.0,0.6153827011585236
129,2.0,20.0,60.0,0.5,10000.0,160.0,0.5918241739273071
130,2.0,20.0,60.0,0.7,0.0,85.0,0.6586586534976959
131,2.0,20.0,60.0,0.7,10.0,143.0,0.5972126126289368
132,2.0,20.0,60.0,0.7,100.0,95.0,0.6510332524776459
133,2.0,20.0,60.0,0.7,1000.0,103.0,0.6207015514373779
134,2.0,20.0,60.0,0.7,10000.0,96.0,0.6530422866344452
135,2.0,20.0,80.0,0.3,0.0,196.0,0.5696409940719604
136,2.0,20.0,80.0,0.3,10.0,129.0,0.5684898793697357
137,2.0,20.0,80.0,0.3,100.0,173.0,0.5662639141082764
138,2.0,20.0,80.0,0.3,1000.0,242.0,0.5294186770915985
139,2.0,20.0,80.0,0.3,10000.0,140.0,0.5576625168323517
140,2.0,20.0,80.0,0.5,0.0,110.0,0.6164552867412567
141,2.0,20.0,80.0,0.5,10.0,114.0,0.5994897186756134
142,2.0,20.0,80.0,0.5,100.0,119.0,0.6010486781597137
143,2.0,20.0,80.0,0.5,1000.0,151.0,0.5738458633422852
144,2.0,20.0,80.0,0.5,10000.0,175.0,0.5774399042129517
145,2.0,20.0,80.0,0.7,0.0,167.0,0.6585589051246643
146,2.0,20.0,80.0,0.7,10.0,161.0,0.6028072237968445
147,2.0,20.0,80.0,0.7,100.0,120.0,0.6072474122047424
148,2.0,20.0,80.0,0.7,1000.0,123.0,0.5758518874645233
149,2.0,20.0,80.0,0.7,10000.0,168.0,0.5851349234580994
150,2.0,20.0,100.0,0.3,0.0,79.0,0.616521954536438
151,2.0,20.0,100.0,0.3,10.0,186.0,0.5254523456096649
152,2.0,20.0,100.0,0.3,100.0,113.0,0.5486153960227966
153,2.0,20.0,100.0,0.3,1000.0,166.0,0.5531667172908783
154,2.0,20.0,100.0,0.3,10000.0,68.0,0.6546884179115295
155,2.0,20.0,100.0,0.5,0.0,129.0,0.5886207222938538
156,2.0,20.0,100.0,0.5,10.0,115.0,0.5828485190868378
157,2.0,20.0,100.0,0.5,100.0,111.0,0.563910186290741
158,2.0,20.0,100.0,0.5,1000.0,112.0,0.6213180720806122
159,2.0,20.0,100.0,0.5,10000.0,67.0,0.6576135456562042
160,2.0,20.0,100.0,0.7,0.0,83.0,0.6640413403511047
161,2.0,20.0,100.0,0.7,10.0,133.0,0.6380058526992798
162,2.0,20.0,100.0,0.7,100.0,166.0,0.5646535158157349
163,2.0,20.0,100.0,0.7,1000.0,93.0,0.6551936566829681
164,2.0,20.0,100.0,0.7,10000.0,74.0,0.6837404072284698
165,2.0,20.0,120.0,0.3,0.0,163.0,0.5683786869049072
166,2.0,20.0,120.0,0.3,10.0,154.0,0.5540959239006042
167,2.0,20.0,120.0,0.3,100.0,212.0,0.5634593069553375
168,2.0,20.0,120.0,0.3,1000.0,165.0,0.5388791561126709
169,2.0,20.0,120.0,0.3,10000.0,123.0,0.5759948790073395
170,2.0,20.0,120.0,0.5,0.0,137.0,0.6046870648860931
171,2.0,20.0,120.0,0.5,10.0,113.0,0.5882900953292847
172,2.0,20.0,120.0,0.5,100.0,114.0,0.5987905263900757
173,2.0,20.0,120.0,0.5,1000.0,107.0,0.587822824716568
174,2.0,20.0,120.0,0.5,10000.0,123.0,0.6036084294319153
175,2.0,20.0,120.0,0.7,0.0,91.0,0.692716658115387
176,2.0,20.0,120.0,0.7,10.0,87.0,0.6789856255054474
177,2.0,20.0,120.0,0.7,100.0,103.0,0.6552051901817322
178,2.0,20.0,120.0,0.7,1000.0,96.0,0.6584182381629944
179,2.0,20.0,120.0,0.7,10000.0,116.0,0.6690605580806732
180,1.0,40.0,20.0,0.3,0.0,113.0,0.5831027925014496
181,1.0,40.0,20.0,0.3,10.0,79.0,0.6242485344409943
182,1.0,40.0,20.0,0.3,100.0,93.0,0.5857207775115967
183,1.0,40.0,20.0,0.3,1000.0,167.0,0.5820102691650391
184,1.0,40.0,20.0,0.3,10000.0,98.0,0.6006269454956055
185,1.0,40.0,20.0,0.5,0.0,153.0,0.5949786007404327
186,1.0,40.0,20.0,0.5,10.0,75.0,0.6286552846431732
187,1.0,40.0,20.0,0.5,100.0,96.0,0.6038049161434174
188,1.0,40.0,20.0,0.5,1000.0,101.0,0.6139993667602539
189,1.0,40.0,20.0,0.5,10000.0,132.0,0.5926913619041443
190,1.0,40.0,20.0,0.7,0.0,102.0,0.6666166186332703
191,1.0,40.0,20.0,0.7,10.0,75.0,0.668065756559372
192,1.0,40.0,20.0,0.7,100.0,105.0,0.6446553766727448
193,1.0,40.0,20.0,0.7,1000.0,109.0,0.6583773195743561
194,1.0,40.0,20.0,0.7,10000.0,91.0,0.6580104231834412
195,1.0,40.0,40.0,0.3,0.0,140.0,0.583325982093811
196,1.0,40.0,40.0,0.3,10.0,118.0,0.5900723040103912
197,1.0,40.0,40.0,0.3,100.0,130.0,0.5600187182426453
198,1.0,40.0,40.0,0.3,1000.0,101.0,0.5843619704246521
199,1.0,40.0,40.0,0.3,10000.0,85.0,0.6244249939918518
200,1.0,40.0,40.0,0.5,0.0,96.0,0.6293307840824127
201,1.0,40.0,40.0,0.5,10.0,92.0,0.5917072594165802
202,1.0,40.0,40.0,0.5,100.0,114.0,0.5835739970207214
203,1.0,40.0,40.0,0.5,1000.0,184.0,0.5687839686870575
204,1.0,40.0,40.0,0.5,10000.0,83.0,0.6417324841022491
205,1.0,40.0,40.0,0.7,0.0,134.0,0.6045784950256348
206,1.0,40.0,40.0,0.7,10.0,140.0,0.6056053340435028
207,1.0,40.0,40.0,0.7,100.0,120.0,0.6225384175777435
208,1.0,40.0,40.0,0.7,1000.0,121.0,0.6168491840362549
209,1.0,40.0,40.0,0.7,10000.0,99.0,0.6123946607112885
210,1.0,40.0,60.0,0.3,0.0,250.0,0.5347910225391388
211,1.0,40.0,60.0,0.3,10.0,141.0,0.5782052874565125
212,1.0,40.0,60.0,0.3,100.0,101.0,0.592784583568573
213,1.0,40.0,60.0,0.3,1000.0,71.0,0.5998387038707733
214,1.0,40.0,60.0,0.3,10000.0,125.0,0.5890235304832458
215,1.0,40.0,60.0,0.5,0.0,168.0,0.5645411312580109
216,1.0,40.0,60.0,0.5,10.0,153.0,0.5882518887519836
217,1.0,40.0,60.0,0.5,100.0,172.0,0.5619618594646454
218,1.0,40.0,60.0,0.5,1000.0,105.0,0.5876677334308624
219,1.0,40.0,60.0,0.5,10000.0,208.0,0.5622923374176025
220,1.0,40.0,60.0,0.7,0.0,104.0,0.6202168762683868
221,1.0,40.0,60.0,0.7,10.0,138.0,0.5934223234653473
222,1.0,40.0,60.0,0.7,100.0,128.0,0.5973946750164032
223,1.0,40.0,60.0,0.7,1000.0,78.0,0.6218971014022827
224,1.0,40.0,60.0,0.7,10000.0,95.0,0.6188615262508392
225,1.0,40.0,80.0,0.3,0.0,143.0,0.5705722868442535
226,1.0,40.0,80.0,0.3,10.0,131.0,0.5552947819232941
227,1.0,40.0,80.0,0.3,100.0,113.0,0.5638553202152252
228,1.0,40.0,80.0,0.3,1000.0,195.0,0.5315346121788025
229,1.0,40.0,80.0,0.3,10000.0,186.0,0.5475702881813049
230,1.0,40.0,80.0,0.5,0.0,126.0,0.5986010134220123
231,1.0,40.0,80.0,0.5,10.0,149.0,0.5578479766845703
232,1.0,40.0,80.0,0.5,100.0,114.0,0.581011563539505
233,1.0,40.0,80.0,0.5,1000.0,43.0,0.6851085424423218
234,1.0,40.0,80.0,0.5,10000.0,102.0,0.6015333533287048
235,1.0,40.0,80.0,0.7,0.0,141.0,0.604653924703598
236,1.0,40.0,80.0,0.7,10.0,108.0,0.6010726094245911
237,1.0,40.0,80.0,0.7,100.0,100.0,0.6142706274986267
238,1.0,40.0,80.0,0.7,1000.0,112.0,0.6101139485836029
239,1.0,40.0,80.0,0.7,10000.0,169.0,0.5880045294761658
240,1.0,40.0,100.0,0.3,0.0,115.0,0.58400759100914
241,1.0,40.0,100.0,0.3,10.0,69.0,0.5821160078048706
242,1.0,40.0,100.0,0.3,100.0,147.0,0.5692803859710693
243,1.0,40.0,100.0,0.3,1000.0,88.0,0.5813024044036865
244,1.0,40.0,100.0,0.3,10000.0,120.0,0.5711842179298401
245,1.0,40.0,100.0,0.5,0.0,161.0,0.5640637278556824
246,1.0,40.0,100.0,0.5,10.0,82.0,0.583599328994751
247,1.0,40.0,100.0,0.5,100.0,76.0,0.6212300062179565
248,1.0,40.0,100.0,0.5,1000.0,98.0,0.5879029035568237
249,1.0,40.0,100.0,0.5,10000.0,124.0,0.5740794241428375
250,1.0,40.0,100.0,0.7,0.0,149.0,0.5827764868736267
251,1.0,40.0,100.0,0.7,10.0,90.0,0.6007663607597351
252,1.0,40.0,100.0,0.7,100.0,217.0,0.5705726146697998
253,1.0,40.0,100.0,0.7,1000.0,99.0,0.6123876869678497
254,1.0,40.0,100.0,0.7,10000.0,207.0,0.5715429186820984
255,1.0,40.0,120.0,0.3,0.0,225.0,0.5243408530950546
256,1.0,40.0,120.0,0.3,10.0,75.0,0.588722437620163
257,1.0,40.0,120.0,0.3,100.0,80.0,0.5947007238864899
258,1.0,40.0,120.0,0.3,1000.0,89.0,0.5965773165225983
259,1.0,40.0,120.0,0.3,10000.0,109.0,0.5594112575054169
260,1.0,40.0,120.0,0.5,0.0,208.0,0.5434716641902924
261,1.0,40.0,120.0,0.5,10.0,71.0,0.6844407916069031
262,1.0,40.0,120.0,0.5,100.0,92.0,0.5965440571308136
263,1.0,40.0,120.0,0.5,1000.0,85.0,0.5982872545719147
264,1.0,40.0,120.0,0.5,10000.0,66.0,0.6305387914180756
265,1.0,40.0,120.0,0.7,0.0,148.0,0.5884726643562317
266,1.0,40.0,120.0,0.7,10.0,108.0,0.5906926691532135
267,1.0,40.0,120.0,0.7,100.0,114.0,0.602386087179184
268,1.0,40.0,120.0,0.7,1000.0,164.0,0.6013726890087128
269,1.0,40.0,120.0,0.7,10000.0,80.0,0.630363792181015
270,2.0,40.0,20.0,0.3,0.0,125.0,0.5673595070838928
271,2.0,40.0,20.0,0.3,10.0,123.0,0.5614082217216492
272,2.0,40.0,20.0,0.3,100.0,142.0,0.5388167798519135
273,2.0,40.0,20.0,0.3,1000.0,75.0,0.5867677927017212
274,2.0,40.0,20.0,0.3,10000.0,172.0,0.5331611931324005
275,2.0,40.0,20.0,0.5,0.0,139.0,0.5799874365329742
276,2.0,40.0,20.0,0.5,10.0,128.0,0.5683504641056061
277,2.0,40.0,20.0,0.5,100.0,78.0,0.594641387462616
278,2.0,40.0,20.0,0.5,1000.0,79.0,0.5917007029056549
279,2.0,40.0,20.0,0.5,10000.0,125.0,0.5955532193183899
280,2.0,40.0,20.0,0.7,0.0,91.0,0.6723588705062866
281,2.0,40.0,20.0,0.7,10.0,72.0,0.6459721326828003
282,2.0,40.0,20.0,0.7,100.0,113.0,0.6002344191074371
283,2.0,40.0,20.0,0.7,1000.0,153.0,0.5521581172943115
284,2.0,40.0,20.0,0.7,10000.0,97.0,0.6179046034812927
285,2.0,40.0,40.0,0.3,0.0,157.0,0.5341884195804596
286,2.0,40.0,40.0,0.3,10.0,128.0,0.5753596723079681
287,2.0,40.0,40.0,0.3,100.0,58.0,0.5880991220474243
288,2.0,40.0,40.0,0.3,1000.0,76.0,0.5741100907325745
289,2.0,40.0,40.0,0.3,10000.0,129.0,0.5451395809650421
290,2.0,40.0,40.0,0.5,0.0,141.0,0.557855874300003
291,2.0,40.0,40.0,0.5,10.0,99.0,0.5681619346141815
292,2.0,40.0,40.0,0.5,100.0,116.0,0.5427783131599426
293,2.0,40.0,40.0,0.5,1000.0,71.0,0.6011811792850494
294,2.0,40.0,40.0,0.5,10000.0,137.0,0.552409440279007
295,2.0,40.0,40.0,0.7,0.0,111.0,0.585500180721283
296,2.0,40.0,40.0,0.7,10.0,92.0,0.6096053421497345
297,2.0,40.0,40.0,0.7,100.0,129.0,0.5482362806797028
298,2.0,40.0,40.0,0.7,1000.0,80.0,0.5920883119106293
299,2.0,40.0,40.0,0.7,10000.0,98.0,0.60977503657341
300,2.0,40.0,60.0,0.3,0.0,133.0,0.535955011844635
301,2.0,40.0,60.0,0.3,10.0,119.0,0.5499622225761414
302,2.0,40.0,60.0,0.3,100.0,123.0,0.5397831797599792
303,2.0,40.0,60.0,0.3,1000.0,128.0,0.5458114147186279
304,2.0,40.0,60.0,0.3,10000.0,132.0,0.5620922148227692
305,2.0,40.0,60.0,0.5,0.0,140.0,0.5523364543914795
306,2.0,40.0,60.0,0.5,10.0,113.0,0.5572834610939026
307,2.0,40.0,60.0,0.5,100.0,126.0,0.5411497056484222
308,2.0,40.0,60.0,0.5,1000.0,123.0,0.5448509454727173
309,2.0,40.0,60.0,0.5,10000.0,98.0,0.5705970525741577
310,2.0,40.0,60.0,0.7,0.0,48.0,0.7374810576438904
311,2.0,40.0,60.0,0.7,10.0,147.0,0.5633213818073273
312,2.0,40.0,60.0,0.7,100.0,102.0,0.5700033605098724
313,2.0,40.0,60.0,0.7,1000.0,132.0,0.5706606507301331
314,2.0,40.0,60.0,0.7,10000.0,117.0,0.5748826265335083
315,2.0,40.0,80.0,0.3,0.0,97.0,0.5558659732341766
316,2.0,40.0,80.0,0.3,10.0,83.0,0.5807874202728271
317,2.0,40.0,80.0,0.3,100.0,64.0,0.5757626593112946
318,2.0,40.0,80.0,0.3,1000.0,118.0,0.5590945184230804
319,2.0,40.0,80.0,0.3,10000.0,134.0,0.5195287615060806
320,2.0,40.0,80.0,0.5,0.0,102.0,0.5722533464431763
321,2.0,40.0,80.0,0.5,10.0,88.0,0.5947262346744537
322,2.0,40.0,80.0,0.5,100.0,60.0,0.58853879570961
323,2.0,40.0,80.0,0.5,1000.0,138.0,0.5680837631225586
324,2.0,40.0,80.0,0.5,10000.0,91.0,0.5585637390613556
325,2.0,40.0,80.0,0.7,0.0,67.0,0.6246840357780457
326,2.0,40.0,80.0,0.7,10.0,105.0,0.5915976464748383
327,2.0,40.0,80.0,0.7,100.0,99.0,0.5665795207023621
328,2.0,40.0,80.0,0.7,1000.0,85.0,0.5899507999420166
329,2.0,40.0,80.0,0.7,10000.0,95.0,0.5795837640762329
330,2.0,40.0,100.0,0.3,0.0,95.0,0.538248211145401
331,2.0,40.0,100.0,0.3,10.0,116.0,0.5833958089351654
332,2.0,40.0,100.0,0.3,100.0,107.0,0.532068282365799
333,2.0,40.0,100.0,0.3,1000.0,54.0,0.6328514218330383
334,2.0,40.0,100.0,0.3,10000.0,154.0,0.5231129825115204
335,2.0,40.0,100.0,0.5,0.0,118.0,0.5405970811843872
336,2.0,40.0,100.0,0.5,10.0,82.0,0.6183413565158844
337,2.0,40.0,100.0,0.5,100.0,107.0,0.55160191655159
338,2.0,40.0,100.0,0.5,1000.0,110.0,0.5613183677196503
339,2.0,40.0,100.0,0.5,10000.0,93.0,0.5604845583438873
340,2.0,40.0,100.0,0.7,0.0,141.0,0.5391869843006134
341,2.0,40.0,100.0,0.7,10.0,107.0,0.5977589190006256
342,2.0,40.0,100.0,0.7,100.0,102.0,0.5588739812374115
343,2.0,40.0,100.0,0.7,1000.0,90.0,0.6040052175521851
344,2.0,40.0,100.0,0.7,10000.0,85.0,0.5845999121665955
345,2.0,40.0,120.0,0.3,0.0,139.0,0.5397391617298126
346,2.0,40.0,120.0,0.3,10.0,195.0,0.5229658782482147
347,2.0,40.0,120.0,0.3,100.0,96.0,0.5393742620944977
348,2.0,40.0,120.0,0.3,1000.0,101.0,0.5636765956878662
349,2.0,40.0,120.0,0.3,10000.0,106.0,0.5578753054141998
350,2.0,40.0,120.0,0.5,0.0,85.0,0.5947568118572235
351,2.0,40.0,120.0,0.5,10.0,113.0,0.5669063031673431
352,2.0,40.0,120.0,0.5,100.0,116.0,0.5366548895835876
353,2.0,40.0,120.0,0.5,1000.0,87.0,0.5807891488075256
354,2.0,40.0,120.0,0.5,10000.0,150.0,0.5612775683403015
355,2.0,40.0,120.0,0.7,0.0,132.0,0.565422385931015
356,2.0,40.0,120.0,0.7,10.0,39.0,0.6893648207187653
357,2.0,40.0,120.0,0.7,100.0,75.0,0.5947036445140839
358,2.0,40.0,120.0,0.7,1000.0,46.0,0.6464255750179291
359,2.0,40.0,120.0,0.7,10000.0,108.0,0.5845201909542084
360,1.0,60.0,20.0,0.3,0.0,65.0,0.6260781586170197
361,1.0,60.0,20.0,0.3,10.0,123.0,0.5527286529541016
362,1.0,60.0,20.0,0.3,100.0,99.0,0.5696008503437042
363,1.0,60.0,20.0,0.3,1000.0,157.0,0.5657922625541687
364,1.0,60.0,20.0,0.3,10000.0,127.0,0.5640424191951752
365,1.0,60.0,20.0,0.5,0.0,69.0,0.6557364463806152
366,1.0,60.0,20.0,0.5,10.0,135.0,0.5767181217670441
367,1.0,60.0,20.0,0.5,100.0,101.0,0.5912351906299591
368,1.0,60.0,20.0,0.5,1000.0,116.0,0.6338372230529785
369,1.0,60.0,20.0,0.5,10000.0,121.0,0.5822766125202179
370,1.0,60.0,20.0,0.7,0.0,50.0,0.7196160554885864
371,1.0,60.0,20.0,0.7,10.0,108.0,0.6204614043235779
372,1.0,60.0,20.0,0.7,100.0,85.0,0.637399286031723
373,1.0,60.0,20.0,0.7,1000.0,126.0,0.6287667751312256
374,1.0,60.0,20.0,0.7,10000.0,169.0,0.616112619638443
375,1.0,60.0,40.0,0.3,0.0,145.0,0.5612205564975739
376,1.0,60.0,40.0,0.3,10.0,142.0,0.5527923405170441
377,1.0,60.0,40.0,0.3,100.0,80.0,0.5807507634162903
378,1.0,60.0,40.0,0.3,1000.0,120.0,0.5704975426197052
379,1.0,60.0,40.0,0.3,10000.0,80.0,0.5765648782253265
380,1.0,60.0,40.0,0.5,0.0,132.0,0.5771984159946442
381,1.0,60.0,40.0,0.5,10.0,115.0,0.5875182449817657
382,1.0,60.0,40.0,0.5,100.0,144.0,0.5636692941188812
383,1.0,60.0,40.0,0.5,1000.0,58.0,0.6864525079727173
384,1.0,60.0,40.0,0.5,10000.0,58.0,0.6322170794010162
385,1.0,60.0,40.0,0.7,0.0,134.0,0.5942393243312836
386,1.0,60.0,40.0,0.7,10.0,58.0,0.6601799130439758
387,1.0,60.0,40.0,0.7,100.0,84.0,0.6133151650428772
388,1.0,60.0,40.0,0.7,1000.0,110.0,0.6108183562755585
389,1.0,60.0,40.0,0.7,10000.0,53.0,0.650923490524292
390,1.0,60.0,60.0,0.3,0.0,146.0,0.5490815937519073
391,1.0,60.0,60.0,0.3,10.0,177.0,0.5392440259456635
392,1.0,60.0,60.0,0.3,100.0,187.0,0.5369821190834045
393,1.0,60.0,60.0,0.3,1000.0,112.0,0.5505212247371674
394,1.0,60.0,60.0,0.3,10000.0,85.0,0.5732841491699219
395,1.0,60.0,60.0,0.5,0.0,46.0,0.668656975030899
396,1.0,60.0,60.0,0.5,10.0,102.0,0.5863624215126038
397,1.0,60.0,60.0,0.5,100.0,122.0,0.5540933609008789
398,1.0,60.0,60.0,0.5,1000.0,127.0,0.5659616589546204
399,1.0,60.0,60.0,0.5,10000.0,109.0,0.5684119760990143
400,1.0,60.0,60.0,0.7,0.0,73.0,0.6276063621044159
401,1.0,60.0,60.0,0.7,10.0,193.0,0.5687238574028015
402,1.0,60.0,60.0,0.7,100.0,148.0,0.580239325761795
403,1.0,60.0,60.0,0.7,1000.0,122.0,0.5805550813674927
404,1.0,60.0,60.0,0.7,10000.0,63.0,0.6493054628372192
405,1.0,60.0,80.0,0.3,0.0,82.0,0.58077472448349
406,1.0,60.0,80.0,0.3,10.0,71.0,0.5748723745346069
407,1.0,60.0,80.0,0.3,100.0,112.0,0.5479420721530914
408,1.0,60.0,80.0,0.3,1000.0,175.0,0.5355527102947235
409,1.0,60.0,80.0,0.3,10000.0,140.0,0.5478888154029846
410,1.0,60.0,80.0,0.5,0.0,133.0,0.5740546882152557
411,1.0,60.0,80.0,0.5,10.0,105.0,0.563501626253128
412,1.0,60.0,80.0,0.5,100.0,131.0,0.5492037534713745
413,1.0,60.0,80.0,0.5,1000.0,103.0,0.5858369767665863
414,1.0,60.0,80.0,0.5,10000.0,133.0,0.5623944997787476
415,1.0,60.0,80.0,0.7,0.0,111.0,0.5928501188755035
416,1.0,60.0,80.0,0.7,10.0,63.0,0.6208170056343079
417,1.0,60.0,80.0,0.7,100.0,74.0,0.6063467562198639
418,1.0,60.0,80.0,0.7,1000.0,118.0,0.598438024520874
419,1.0,60.0,80.0,0.7,10000.0,147.0,0.5764417052268982
420,1.0,60.0,100.0,0.3,0.0,124.0,0.570453554391861
421,1.0,60.0,100.0,0.3,10.0,125.0,0.5493986904621124
422,1.0,60.0,100.0,0.3,100.0,132.0,0.5498101115226746
423,1.0,60.0,100.0,0.3,1000.0,75.0,0.5848976373672485
424,1.0,60.0,100.0,0.3,10000.0,119.0,0.5539094805717468
425,1.0,60.0,100.0,0.5,0.0,166.0,0.5796520411968231
426,1.0,60.0,100.0,0.5,10.0,169.0,0.5410274267196655
427,1.0,60.0,100.0,0.5,100.0,136.0,0.5556341111660004
428,1.0,60.0,100.0,0.5,1000.0,82.0,0.5858322978019714
429,1.0,60.0,100.0,0.5,10000.0,94.0,0.5733466148376465
430,1.0,60.0,100.0,0.7,0.0,103.0,0.584967166185379
431,1.0,60.0,100.0,0.7,10.0,87.0,0.5988940298557281
432,1.0,60.0,100.0,0.7,100.0,122.0,0.5812383890151978
433,1.0,60.0,100.0,0.7,1000.0,161.0,0.5733002424240112
434,1.0,60.0,100.0,0.7,10000.0,122.0,0.5783285200595856
435,1.0,60.0,120.0,0.3,0.0,152.0,0.5342824757099152
436,1.0,60.0,120.0,0.3,10.0,80.0,0.573088526725769
437,1.0,60.0,120.0,0.3,100.0,140.0,0.5318745374679565
438,1.0,60.0,120.0,0.3,1000.0,95.0,0.5814792811870575
439,1.0,60.0,120.0,0.3,10000.0,117.0,0.5527541041374207
440,1.0,60.0,120.0,0.5,0.0,111.0,0.562706470489502
441,1.0,60.0,120.0,0.5,10.0,145.0,0.5655119121074677
442,1.0,60.0,120.0,0.5,100.0,168.0,0.5322179794311523
443,1.0,60.0,120.0,0.5,1000.0,101.0,0.5705936551094055
444,1.0,60.0,120.0,0.5,10000.0,131.0,0.5487006604671478
445,1.0,60.0,120.0,0.7,0.0,101.0,0.5885797142982483
446,1.0,60.0,120.0,0.7,10.0,120.0,0.5860903561115265
447,1.0,60.0,120.0,0.7,100.0,61.0,0.6266104280948639
448,1.0,60.0,120.0,0.7,1000.0,60.0,0.637490838766098
449,1.0,60.0,120.0,0.7,10000.0,111.0,0.583169013261795
450,2.0,60.0,20.0,0.3,0.0,95.0,0.5785183310508728
451,2.0,60.0,20.0,0.3,10.0,165.0,0.5359347462654114
452,2.0,60.0,20.0,0.3,100.0,142.0,0.5286628305912018
453,2.0,60.0,20.0,0.3,1000.0,144.0,0.5339564085006714
454,2.0,60.0,20.0,0.3,10000.0,180.0,0.515453428030014
455,2.0,60.0,20.0,0.5,0.0,140.0,0.5597397983074188
456,2.0,60.0,20.0,0.5,10.0,108.0,0.5554662048816681
457,2.0,60.0,20.0,0.5,100.0,148.0,0.5417344272136688
458,2.0,60.0,20.0,0.5,1000.0,132.0,0.5471226871013641
459,2.0,60.0,20.0,0.5,10000.0,113.0,0.5771647989749908
460,2.0,60.0,20.0,0.7,0.0,113.0,0.6064839065074921
461,2.0,60.0,20.0,0.7,10.0,84.0,0.5796076059341431
462,2.0,60.0,20.0,0.7,100.0,128.0,0.5754178166389465
463,2.0,60.0,20.0,0.7,1000.0,127.0,0.5848683416843414
464,2.0,60.0,20.0,0.7,10000.0,111.0,0.6015437543392181
465,2.0,60.0,40.0,0.3,0.0,120.0,0.5326462388038635
466,2.0,60.0,40.0,0.3,10.0,87.0,0.5466133952140808
467,2.0,60.0,40.0,0.3,100.0,118.0,0.5328557789325714
468,2.0,60.0,40.0,0.3,1000.0,129.0,0.5344402641057968
469,2.0,60.0,40.0,0.3,10000.0,132.0,0.5421696305274963
470,2.0,60.0,40.0,0.5,0.0,130.0,0.5808176398277283
471,2.0,60.0,40.0,0.5,10.0,119.0,0.5325759053230286
472,2.0,60.0,40.0,0.5,100.0,87.0,0.5550790429115295
473,2.0,60.0,40.0,0.5,1000.0,126.0,0.5264849066734314
474,2.0,60.0,40.0,0.5,10000.0,132.0,0.5421079993247986
475,2.0,60.0,40.0,0.7,0.0,111.0,0.5798788964748383
476,2.0,60.0,40.0,0.7,10.0,97.0,0.5572008788585663
477,2.0,60.0,40.0,0.7,100.0,120.0,0.5600548982620239
478,2.0,60.0,40.0,0.7,1000.0,104.0,0.5511961579322815
479,2.0,60.0,40.0,0.7,10000.0,119.0,0.5783835053443909
480,2.0,60.0,60.0,0.3,0.0,141.0,0.5214420706033707
481,2.0,60.0,60.0,0.3,10.0,119.0,0.5262700915336609
482,2.0,60.0,60.0,0.3,100.0,88.0,0.5721008479595184
483,2.0,60.0,60.0,0.3,1000.0,100.0,0.522836834192276
484,2.0,60.0,60.0,0.3,10000.0,77.0,0.5855709612369537
485,2.0,60.0,60.0,0.5,0.0,99.0,0.5535573661327362
486,2.0,60.0,60.0,0.5,10.0,128.0,0.5355409532785416
487,2.0,60.0,60.0,0.5,100.0,136.0,0.5190321207046509
488,2.0,60.0,60.0,0.5,1000.0,113.0,0.5470424890518188
489,2.0,60.0,60.0,0.5,10000.0,75.0,0.6029139757156372
490,2.0,60.0,60.0,0.7,0.0,60.0,0.6040663719177246
491,2.0,60.0,60.0,0.7,10.0,109.0,0.570073664188385
492,2.0,60.0,60.0,0.7,100.0,59.0,0.5974977910518646
493,2.0,60.0,60.0,0.7,1000.0,100.0,0.5575063824653625
494,2.0,60.0,60.0,0.7,10000.0,99.0,0.5812016725540161
495,2.0,60.0,80.0,0.3,0.0,169.0,0.5408108979463577
496,2.0,60.0,80.0,0.3,10.0,117.0,0.536543995141983
497,2.0,60.0,80.0,0.3,100.0,124.0,0.5248872935771942
498,2.0,60.0,80.0,0.3,1000.0,124.0,0.538338303565979
499,2.0,60.0,80.0,0.3,10000.0,105.0,0.5641162693500519
500,2.0,60.0,80.0,0.5,0.0,115.0,0.538595050573349
501,2.0,60.0,80.0,0.5,10.0,79.0,0.6462202966213226
502,2.0,60.0,80.0,0.5,100.0,45.0,0.6444341838359833
503,2.0,60.0,80.0,0.5,1000.0,95.0,0.5404232442378998
504,2.0,60.0,80.0,0.5,10000.0,95.0,0.5803641676902771
505,2.0,60.0,80.0,0.7,0.0,52.0,0.6116781532764435
506,2.0,60.0,80.0,0.7,10.0,49.0,0.6380059123039246
507,2.0,60.0,80.0,0.7,100.0,113.0,0.543768972158432
508,2.0,60.0,80.0,0.7,1000.0,122.0,0.552235335111618
509,2.0,60.0,80.0,0.7,10000.0,103.0,0.6131294667720795
510,2.0,60.0,100.0,0.3,0.0,146.0,0.5459610819816589
511,2.0,60.0,100.0,0.3,10.0,108.0,0.5282692909240723
512,2.0,60.0,100.0,0.3,100.0,158.0,0.5144108980894089
513,2.0,60.0,100.0,0.3,1000.0,83.0,0.5592754781246185
514,2.0,60.0,100.0,0.3,10000.0,108.0,0.5332454442977905
515,2.0,60.0,100.0,0.5,0.0,150.0,0.5106314420700073
516,2.0,60.0,100.0,0.5,10.0,104.0,0.532847672700882
517,2.0,60.0,100.0,0.5,100.0,139.0,0.5292659997940063
518,2.0,60.0,100.0,0.5,1000.0,91.0,0.5596527755260468
519,2.0,60.0,100.0,0.5,10000.0,117.0,0.5369787514209747
520,2.0,60.0,100.0,0.7,0.0,123.0,0.5284942090511322
521,2.0,60.0,100.0,0.7,10.0,88.0,0.5680509209632874
522,2.0,60.0,100.0,0.7,100.0,74.0,0.5974695384502411
523,2.0,60.0,100.0,0.7,1000.0,102.0,0.5378599166870117
524,2.0,60.0,100.0,0.7,10000.0,131.0,0.5464946627616882
525,2.0,60.0,120.0,0.3,0.0,81.0,0.5629147589206696
526,2.0,60.0,120.0,0.3,10.0,147.0,0.5158887356519699
527,2.0,60.0,120.0,0.3,100.0,111.0,0.5496978163719177
528,2.0,60.0,120.0,0.3,1000.0,87.0,0.5689419806003571
529,2.0,60.0,120.0,0.3,10000.0,119.0,0.509538859128952
530,2.0,60.0,120.0,0.5,0.0,79.0,0.5668751895427704
531,2.0,60.0,120.0,0.5,10.0,101.0,0.5830408930778503
532,2.0,60.0,120.0,0.5,100.0,130.0,0.5216086804866791
533,2.0,60.0,120.0,0.5,1000.0,91.0,0.5915935933589935
534,2.0,60.0,120.0,0.5,10000.0,99.0,0.5312543213367462
535,2.0,60.0,120.0,0.7,0.0,82.0,0.5865072906017303
536,2.0,60.0,120.0,0.7,10.0,120.0,0.5756765007972717
537,2.0,60.0,120.0,0.7,100.0,125.0,0.5270164906978607
538,2.0,60.0,120.0,0.7,1000.0,162.0,0.5708355009555817
539,2.0,60.0,120.0,0.7,10000.0,109.0,0.543703556060791
540,1.0,80.0,20.0,0.3,0.0,111.0,0.5723989903926849
541,1.0,80.0,20.0,0.3,10.0,191.0,0.5200709998607635
542,1.0,80.0,20.0,0.3,100.0,157.0,0.5430435836315155
543,1.0,80.0,20.0,0.3,1000.0,94.0,0.5659315884113312
544,1.0,80.0,20.0,0.3,10000.0,109.0,0.5866973996162415
545,1.0,80.0,20.0,0.5,0.0,43.0,0.664887934923172
546,1.0,80.0,20.0,0.5,10.0,159.0,0.5638694763183594
547,1.0,80.0,20.0,0.5,100.0,46.0,0.7068954110145569
548,1.0,80.0,20.0,0.5,1000.0,134.0,0.5668742954730988
549,1.0,80.0,20.0,0.5,10000.0,151.0,0.5795702338218689
550,1.0,80.0,20.0,0.7,0.0,110.0,0.6196630299091339
551,1.0,80.0,20.0,0.7,10.0,100.0,0.6112895607948303
552,1.0,80.0,20.0,0.7,100.0,84.0,0.6586340665817261
553,1.0,80.0,20.0,0.7,1000.0,122.0,0.6188689172267914
554,1.0,80.0,20.0,0.7,10000.0,61.0,0.6658146679401398
555,1.0,80.0,40.0,0.3,0.0,147.0,0.547166496515274
556,1.0,80.0,40.0,0.3,10.0,99.0,0.5740819573402405
557,1.0,80.0,40.0,0.3,100.0,94.0,0.568510890007019
558,1.0,80.0,40.0,0.3,1000.0,134.0,0.5344332754611969
559,1.0,80.0,40.0,0.3,10000.0,97.0,0.5729728639125824
560,1.0,80.0,40.0,0.5,0.0,79.0,0.5824437439441681
561,1.0,80.0,40.0,0.5,10.0,85.0,0.5999331772327423
562,1.0,80.0,40.0,0.5,100.0,115.0,0.5425103306770325
563,1.0,80.0,40.0,0.5,1000.0,58.0,0.616386890411377
564,1.0,80.0,40.0,0.5,10000.0,100.0,0.5852985680103302
565,1.0,80.0,40.0,0.7,0.0,78.0,0.6073105037212372
566,1.0,80.0,40.0,0.7,10.0,41.0,0.667664647102356
567,1.0,80.0,40.0,0.7,100.0,72.0,0.6036033928394318
568,1.0,80.0,40.0,0.7,1000.0,70.0,0.6290725469589233
569,1.0,80.0,40.0,0.7,10000.0,104.0,0.6214859187602997
570,1.0,80.0,60.0,0.3,0.0,129.0,0.5437435209751129
571,1.0,80.0,60.0,0.3,10.0,92.0,0.5526010990142822
572,1.0,80.0,60.0,0.3,100.0,117.0,0.5600430071353912
573,1.0,80.0,60.0,0.3,1000.0,113.0,0.5612656474113464
574,1.0,80.0,60.0,0.3,10000.0,40.0,0.7061187028884888
575,1.0,80.0,60.0,0.5,0.0,106.0,0.5581728219985962
576,1.0,80.0,60.0,0.5,10.0,121.0,0.5527189671993256
577,1.0,80.0,60.0,0.5,100.0,92.0,0.5545091331005096
578,1.0,80.0,60.0,0.5,1000.0,164.0,0.5559133291244507
579,1.0,80.0,60.0,0.5,10000.0,113.0,0.5584944486618042
580,1.0,80.0,60.0,0.7,0.0,112.0,0.5694546401500702
581,1.0,80.0,60.0,0.7,10.0,123.0,0.5727957189083099
582,1.0,80.0,60.0,0.7,100.0,98.0,0.5679963231086731
583,1.0,80.0,60.0,0.7,1000.0,56.0,0.6190472841262817
584,1.0,80.0,60.0,0.7,10000.0,114.0,0.5769545137882233
585,1.0,80.0,80.0,0.3,0.0,107.0,0.570964515209198
586,1.0,80.0,80.0,0.3,10.0,119.0,0.5374758541584015
587,1.0,80.0,80.0,0.3,100.0,105.0,0.553739607334137
588,1.0,80.0,80.0,0.3,1000.0,135.0,0.545405387878418
589,1.0,80.0,80.0,0.3,10000.0,105.0,0.5465825796127319
590,1.0,80.0,80.0,0.5,0.0,150.0,0.547827273607254
591,1.0,80.0,80.0,0.5,10.0,158.0,0.5413763523101807
592,1.0,80.0,80.0,0.5,100.0,125.0,0.5712771713733673
593,1.0,80.0,80.0,0.5,1000.0,91.0,0.5599381625652313
594,1.0,80.0,80.0,0.5,10000.0,152.0,0.5365279614925385
595,1.0,80.0,80.0,0.7,0.0,100.0,0.5838710963726044
596,1.0,80.0,80.0,0.7,10.0,153.0,0.5738753080368042
597,1.0,80.0,80.0,0.7,100.0,94.0,0.6053914427757263
598,1.0,80.0,80.0,0.7,1000.0,109.0,0.574648380279541
599,1.0,80.0,80.0,0.7,10000.0,99.0,0.5810762345790863
600,1.0,80.0,100.0,0.3,0.0,124.0,0.5318959653377533
601,1.0,80.0,100.0,0.3,10.0,155.0,0.5107019990682602
602,1.0,80.0,100.0,0.3,100.0,116.0,0.5471311807632446
603,1.0,80.0,100.0,0.3,1000.0,47.0,0.632506400346756
604,1.0,80.0,100.0,0.3,10000.0,92.0,0.5677959024906158
605,1.0,80.0,100.0,0.5,0.0,88.0,0.5645576119422913
606,1.0,80.0,100.0,0.5,10.0,144.0,0.5272637903690338
607,1.0,80.0,100.0,0.5,100.0,106.0,0.5712612271308899
608,1.0,80.0,100.0,0.5,1000.0,120.0,0.5419908165931702
609,1.0,80.0,100.0,0.5,10000.0,99.0,0.5674090385437012
610,1.0,80.0,100.0,0.7,0.0,40.0,0.6595733463764191
611,1.0,80.0,100.0,0.7,10.0,121.0,0.5638859570026398
612,1.0,80.0,100.0,0.7,100.0,101.0,0.612334668636322
613,1.0,80.0,100.0,0.7,1000.0,130.0,0.570264458656311
614,1.0,80.0,100.0,0.7,10000.0,111.0,0.5797955393791199
615,1.0,80.0,120.0,0.3,0.0,118.0,0.5432919561862946
616,1.0,80.0,120.0,0.3,10.0,60.0,0.5895735621452332
617,1.0,80.0,120.0,0.3,100.0,160.0,0.5312158018350601
618,1.0,80.0,120.0,0.3,1000.0,99.0,0.5497727990150452
619,1.0,80.0,120.0,0.3,10000.0,183.0,0.5231998264789581
620,1.0,80.0,120.0,0.5,0.0,108.0,0.5506034791469574
621,1.0,80.0,120.0,0.5,10.0,92.0,0.5566385090351105
622,1.0,80.0,120.0,0.5,100.0,90.0,0.5757506489753723
623,1.0,80.0,120.0,0.5,1000.0,129.0,0.5516659319400787
624,1.0,80.0,120.0,0.5,10000.0,127.0,0.6574185192584991
625,1.0,80.0,120.0,0.7,0.0,129.0,0.5605927407741547
626,1.0,80.0,120.0,0.7,10.0,90.0,0.571024090051651
627,1.0,80.0,120.0,0.7,100.0,42.0,0.6692996323108673
628,1.0,80.0,120.0,0.7,1000.0,64.0,0.6016739010810852
629,1.0,80.0,120.0,0.7,10000.0,92.0,0.5780661106109619
630,2.0,80.0,20.0,0.3,0.0,128.0,0.5417945086956024
631,2.0,80.0,20.0,0.3,10.0,132.0,0.5272134095430374
632,2.0,80.0,20.0,0.3,100.0,94.0,0.5465894937515259
633,2.0,80.0,20.0,0.3,1000.0,93.0,0.5371503829956055
634,2.0,80.0,20.0,0.3,10000.0,124.0,0.5536187589168549
635,2.0,80.0,20.0,0.5,0.0,146.0,0.5585779547691345
636,2.0,80.0,20.0,0.5,10.0,101.0,0.5708414614200592
637,2.0,80.0,20.0,0.5,100.0,116.0,0.5622929334640503
638,2.0,80.0,20.0,0.5,1000.0,120.0,0.5217364281415939
639,2.0,80.0,20.0,0.5,10000.0,176.0,0.5476615130901337
640,2.0,80.0,20.0,0.7,0.0,92.0,0.6019804775714874
641,2.0,80.0,20.0,0.7,10.0,77.0,0.606461763381958
642,2.0,80.0,20.0,0.7,100.0,70.0,0.6014772653579712
643,2.0,80.0,20.0,0.7,1000.0,107.0,0.5915979743003845
644,2.0,80.0,20.0,0.7,10000.0,78.0,0.635358989238739
645,2.0,80.0,40.0,0.3,0.0,141.0,0.5174437612295151
646,2.0,80.0,40.0,0.3,10.0,90.0,0.5563056170940399
647,2.0,80.0,40.0,0.3,100.0,115.0,0.5145754516124725
648,2.0,80.0,40.0,0.3,1000.0,99.0,0.540161058306694
649,2.0,80.0,40.0,0.3,10000.0,120.0,0.5293047428131104
650,2.0,80.0,40.0,0.5,0.0,63.0,0.5870851278305054
651,2.0,80.0,40.0,0.5,10.0,77.0,0.5832217037677765
652,2.0,80.0,40.0,0.5,100.0,110.0,0.5219352096319199
653,2.0,80.0,40.0,0.5,1000.0,41.0,0.6902640461921692
654,2.0,80.0,40.0,0.5,10000.0,101.0,0.5419923663139343
655,2.0,80.0,40.0,0.7,0.0,105.0,0.5699083805084229
656,2.0,80.0,40.0,0.7,10.0,40.0,0.6946430802345276
657,2.0,80.0,40.0,0.7,100.0,91.0,0.5385617017745972
658,2.0,80.0,40.0,0.7,1000.0,79.0,0.5526743829250336
659,2.0,80.0,40.0,0.7,10000.0,101.0,0.5692765116691589
660,2.0,80.0,60.0,0.3,0.0,150.0,0.5220203101634979
661,2.0,80.0,60.0,0.3,10.0,75.0,0.5693116784095764
662,2.0,80.0,60.0,0.3,100.0,76.0,0.5654070973396301
663,2.0,80.0,60.0,0.3,1000.0,107.0,0.5160443335771561
664,2.0,80.0,60.0,0.3,10000.0,80.0,0.5501998066902161
665,2.0,80.0,60.0,0.5,0.0,56.0,0.5827218294143677
666,2.0,80.0,60.0,0.5,10.0,98.0,0.6152776479721069
667,2.0,80.0,60.0,0.5,100.0,99.0,0.5454167425632477
668,2.0,80.0,60.0,0.5,1000.0,131.0,0.5305114686489105
669,2.0,80.0,60.0,0.5,10000.0,72.0,0.5757512152194977
670,2.0,80.0,60.0,0.7,0.0,58.0,0.6088113784790039
671,2.0,80.0,60.0,0.7,10.0,62.0,0.5823123753070831
672,2.0,80.0,60.0,0.7,100.0,92.0,0.5572052597999573
673,2.0,80.0,60.0,0.7,1000.0,83.0,0.5619773268699646
674,2.0,80.0,60.0,0.7,10000.0,104.0,0.5452114641666412
675,2.0,80.0,80.0,0.3,0.0,91.0,0.55258509516716
676,2.0,80.0,80.0,0.3,10.0,114.0,0.5546047687530518
677,2.0,80.0,80.0,0.3,100.0,63.0,0.564741313457489
678,2.0,80.0,80.0,0.3,1000.0,70.0,0.5585554242134094
679,2.0,80.0,80.0,0.3,10000.0,98.0,0.5316648185253143
680,2.0,80.0,80.0,0.5,0.0,130.0,0.5273975729942322
681,2.0,80.0,80.0,0.5,10.0,92.0,0.5414669513702393
682,2.0,80.0,80.0,0.5,100.0,103.0,0.5594882071018219
683,2.0,80.0,80.0,0.5,1000.0,74.0,0.5961814522743225
684,2.0,80.0,80.0,0.5,10000.0,66.0,0.5746511816978455
685,2.0,80.0,80.0,0.7,0.0,118.0,0.5314891040325165
686,2.0,80.0,80.0,0.7,10.0,81.0,0.5527832806110382
687,2.0,80.0,80.0,0.7,100.0,82.0,0.567525178194046
688,2.0,80.0,80.0,0.7,1000.0,109.0,0.5567399561405182
689,2.0,80.0,80.0,0.7,10000.0,120.0,0.541194885969162
690,2.0,80.0,100.0,0.3,0.0,80.0,0.5613474249839783
691,2.0,80.0,100.0,0.3,10.0,82.0,0.5507860481739044
692,2.0,80.0,100.0,0.3,100.0,103.0,0.5481950640678406
693,2.0,80.0,100.0,0.3,1000.0,101.0,0.5335420966148376
694,2.0,80.0,100.0,0.3,10000.0,39.0,0.686256468296051
695,2.0,80.0,100.0,0.5,0.0,113.0,0.5478055775165558
696,2.0,80.0,100.0,0.5,10.0,92.0,0.5559907853603363
697,2.0,80.0,100.0,0.5,100.0,88.0,0.5423316061496735
698,2.0,80.0,100.0,0.5,1000.0,127.0,0.5449954867362976
699,2.0,80.0,100.0,0.5,10000.0,114.0,0.5739803314208984
700,2.0,80.0,100.0,0.7,0.0,117.0,0.5281851887702942
701,2.0,80.0,100.0,0.7,10.0,56.0,0.6230418682098389
702,2.0,80.0,100.0,0.7,100.0,65.0,0.5723676383495331
703,2.0,80.0,100.0,0.7,1000.0,138.0,0.5349124521017075
704,2.0,80.0,100.0,0.7,10000.0,87.0,0.5452643632888794
705,2.0,80.0,120.0,0.3,0.0,132.0,0.5150494426488876
706,2.0,80.0,120.0,0.3,10.0,118.0,0.529170960187912
707,2.0,80.0,120.0,0.3,100.0,100.0,0.5439306795597076
708,2.0,80.0,120.0,0.3,1000.0,124.0,0.521872341632843
709,2.0,80.0,120.0,0.3,10000.0,139.0,0.5176506042480469
710,2.0,80.0,120.0,0.5,0.0,88.0,0.539497971534729
711,2.0,80.0,120.0,0.5,10.0,127.0,0.5459236204624176
712,2.0,80.0,120.0,0.5,100.0,94.0,0.5342855751514435
713,2.0,80.0,120.0,0.5,1000.0,131.0,0.5108738392591476
714,2.0,80.0,120.0,0.5,10000.0,143.0,0.514056071639061
715,2.0,80.0,120.0,0.7,0.0,78.0,0.5815507769584656
716,2.0,80.0,120.0,0.7,10.0,151.0,0.5284314900636673
717,2.0,80.0,120.0,0.7,100.0,42.0,0.629523515701294
718,2.0,80.0,120.0,0.7,1000.0,144.0,0.538483589887619
719,2.0,80.0,120.0,0.7,10000.0,131.0,0.530547022819519
720,1.0,100.0,20.0,0.3,0.0,112.0,0.5496934354305267
721,1.0,100.0,20.0,0.3,10.0,144.0,0.5476094782352448
722,1.0,100.0,20.0,0.3,100.0,147.0,0.543635219335556
723,1.0,100.0,20.0,0.3,1000.0,154.0,0.537238359451294
724,1.0,100.0,20.0,0.3,10000.0,90.0,0.5775216519832611
725,1.0,100.0,20.0,0.5,0.0,105.0,0.5684137642383575
726,1.0,100.0,20.0,0.5,10.0,111.0,0.5604526698589325
727,1.0,100.0,20.0,0.5,100.0,112.0,0.6309707164764404
728,1.0,100.0,20.0,0.5,1000.0,111.0,0.5949240028858185
729,1.0,100.0,20.0,0.5,10000.0,142.0,0.553410142660141
730,1.0,100.0,20.0,0.7,0.0,60.0,0.6288473904132843
731,1.0,100.0,20.0,0.7,10.0,84.0,0.6164160072803497
732,1.0,100.0,20.0,0.7,100.0,56.0,0.670134961605072
733,1.0,100.0,20.0,0.7,1000.0,121.0,0.5923334658145905
734,1.0,100.0,20.0,0.7,10000.0,48.0,0.6708139181137085
735,1.0,100.0,40.0,0.3,0.0,88.0,0.556221604347229
736,1.0,100.0,40.0,0.3,10.0,92.0,0.5571061372756958
737,1.0,100.0,40.0,0.3,100.0,127.0,0.540180504322052
738,1.0,100.0,40.0,0.3,1000.0,147.0,0.5372508764266968
739,1.0,100.0,40.0,0.3,10000.0,97.0,0.548119992017746
740,1.0,100.0,40.0,0.5,0.0,87.0,0.5859152376651764
741,1.0,100.0,40.0,0.5,10.0,120.0,0.5463905334472656
742,1.0,100.0,40.0,0.5,100.0,77.0,0.6113240718841553
743,1.0,100.0,40.0,0.5,1000.0,49.0,0.6599684357643127
744,1.0,100.0,40.0,0.5,10000.0,121.0,0.5589829981327057
745,1.0,100.0,40.0,0.7,0.0,82.0,0.5864113569259644
746,1.0,100.0,40.0,0.7,10.0,142.0,0.5586653649806976
747,1.0,100.0,40.0,0.7,100.0,35.0,0.744719535112381
748,1.0,100.0,40.0,0.7,1000.0,107.0,0.590155839920044
749,1.0,100.0,40.0,0.7,10000.0,52.0,0.6621069312095642
750,1.0,100.0,60.0,0.3,0.0,98.0,0.5554823577404022
751,1.0,100.0,60.0,0.3,10.0,38.0,0.6692745685577393
752,1.0,100.0,60.0,0.3,100.0,75.0,0.5611267387866974
753,1.0,100.0,60.0,0.3,1000.0,116.0,0.5258317291736603
754,1.0,100.0,60.0,0.3,10000.0,77.0,0.5788912177085876
755,1.0,100.0,60.0,0.5,0.0,111.0,0.56326624751091
756,1.0,100.0,60.0,0.5,10.0,99.0,0.5397363305091858
757,1.0,100.0,60.0,0.5,100.0,83.0,0.5634795427322388
758,1.0,100.0,60.0,0.5,1000.0,100.0,0.5427535176277161
759,1.0,100.0,60.0,0.5,10000.0,91.0,0.5993050634860992
760,1.0,100.0,60.0,0.7,0.0,36.0,0.6832239925861359
761,1.0,100.0,60.0,0.7,10.0,128.0,0.5529663562774658
762,1.0,100.0,60.0,0.7,100.0,124.0,0.5694571733474731
763,1.0,100.0,60.0,0.7,1000.0,157.0,0.5602163672447205
764,1.0,100.0,60.0,0.7,10000.0,106.0,0.6001552045345306
765,1.0,100.0,80.0,0.3,0.0,99.0,0.5551754832267761
766,1.0,100.0,80.0,0.3,10.0,39.0,0.6545530557632446
767,1.0,100.0,80.0,0.3,100.0,81.0,0.5617184937000275
768,1.0,100.0,80.0,0.3,1000.0,79.0,0.5579418241977692
769,1.0,100.0,80.0,0.3,10000.0,77.0,0.5698448419570923
770,1.0,100.0,80.0,0.5,0.0,151.0,0.5297790616750717
771,1.0,100.0,80.0,0.5,10.0,123.0,0.5318179726600647
772,1.0,100.0,80.0,0.5,100.0,96.0,0.5566411018371582
773,1.0,100.0,80.0,0.5,1000.0,108.0,0.5585703551769257
774,1.0,100.0,80.0,0.5,10000.0,82.0,0.5679765045642853
775,1.0,100.0,80.0,0.7,0.0,101.0,0.5891721546649933
776,1.0,100.0,80.0,0.7,10.0,36.0,0.6532329022884369
777,1.0,100.0,80.0,0.7,100.0,98.0,0.5804324150085449
778,1.0,100.0,80.0,0.7,1000.0,131.0,0.5752469003200531
779,1.0,100.0,80.0,0.7,10000.0,118.0,0.5597066283226013
780,1.0,100.0,100.0,0.3,0.0,116.0,0.5446431636810303
781,1.0,100.0,100.0,0.3,10.0,97.0,0.5484382212162018
782,1.0,100.0,100.0,0.3,100.0,81.0,0.5488300621509552
783,1.0,100.0,100.0,0.3,1000.0,96.0,0.5618287622928619
784,1.0,100.0,100.0,0.3,10000.0,73.0,0.5786667466163635
785,1.0,100.0,100.0,0.5,0.0,95.0,0.6857253015041351
786,1.0,100.0,100.0,0.5,10.0,70.0,0.5764306485652924
787,1.0,100.0,100.0,0.5,100.0,143.0,0.5299502015113831
788,1.0,100.0,100.0,0.5,1000.0,95.0,0.546361893415451
789,1.0,100.0,100.0,0.5,10000.0,114.0,0.573296844959259
790,1.0,100.0,100.0,0.7,0.0,77.0,0.5879923701286316
791,1.0,100.0,100.0,0.7,10.0,147.0,0.5687528252601624
792,1.0,100.0,100.0,0.7,100.0,37.0,0.6658805310726166
793,1.0,100.0,100.0,0.7,1000.0,138.0,0.5491086840629578
794,1.0,100.0,100.0,0.7,10000.0,102.0,0.5681132674217224
795,1.0,100.0,120.0,0.3,0.0,129.0,0.527625560760498
796,1.0,100.0,120.0,0.3,10.0,57.0,0.570841908454895
797,1.0,100.0,120.0,0.3,100.0,70.0,0.5646959543228149
798,1.0,100.0,120.0,0.3,1000.0,92.0,0.550433486700058
799,1.0,100.0,120.0,0.3,10000.0,96.0,0.5435359477996826
800,1.0,100.0,120.0,0.5,0.0,97.0,0.5560547113418579
801,1.0,100.0,120.0,0.5,10.0,90.0,0.5505852997303009
802,1.0,100.0,120.0,0.5,100.0,101.0,0.5495737195014954
803,1.0,100.0,120.0,0.5,1000.0,132.0,0.5446945130825043
804,1.0,100.0,120.0,0.5,10000.0,103.0,0.5541685819625854
805,1.0,100.0,120.0,0.7,0.0,70.0,0.5804995596408844
806,1.0,100.0,120.0,0.7,10.0,90.0,0.5722112357616425
807,1.0,100.0,120.0,0.7,100.0,39.0,0.6791049838066101
808,1.0,100.0,120.0,0.7,1000.0,103.0,0.5793988406658173
809,1.0,100.0,120.0,0.7,10000.0,140.0,0.5603331029415131
810,2.0,100.0,20.0,0.3,0.0,87.0,0.5409667193889618
811,2.0,100.0,20.0,0.3,10.0,109.0,0.5207409858703613
812,2.0,100.0,20.0,0.3,100.0,83.0,0.5588320791721344
813,2.0,100.0,20.0,0.3,1000.0,79.0,0.5556825995445251
814,2.0,100.0,20.0,0.3,10000.0,59.0,0.577259749174118
815,2.0,100.0,20.0,0.5,0.0,108.0,0.5798052549362183
816,2.0,100.0,20.0,0.5,10.0,106.0,0.56068554520607
817,2.0,100.0,20.0,0.5,100.0,82.0,0.5901840031147003
818,2.0,100.0,20.0,0.5,1000.0,112.0,0.5659674108028412
819,2.0,100.0,20.0,0.5,10000.0,100.0,0.5530698597431183
820,2.0,100.0,20.0,0.7,0.0,84.0,0.5630543231964111
821,2.0,100.0,20.0,0.7,10.0,133.0,0.5929956436157227
822,2.0,100.0,20.0,0.7,100.0,141.0,0.5404999256134033
823,2.0,100.0,20.0,0.7,1000.0,64.0,0.5970670282840729
824,2.0,100.0,20.0,0.7,10000.0,77.0,0.5891325175762177
825,2.0,100.0,40.0,0.3,0.0,106.0,0.5283791124820709
826,2.0,100.0,40.0,0.3,10.0,129.0,0.5065208077430725
827,2.0,100.0,40.0,0.3,100.0,37.0,0.6912651062011719
828,2.0,100.0,40.0,0.3,1000.0,79.0,0.5350285470485687
829,2.0,100.0,40.0,0.3,10000.0,79.0,0.5444170832633972
830,2.0,100.0,40.0,0.5,0.0,62.0,0.5806025266647339
831,2.0,100.0,40.0,0.5,10.0,111.0,0.5302734673023224
832,2.0,100.0,40.0,0.5,100.0,95.0,0.5378102362155914
833,2.0,100.0,40.0,0.5,1000.0,113.0,0.5208796262741089
834,2.0,100.0,40.0,0.5,10000.0,66.0,0.6041279733181
835,2.0,100.0,40.0,0.7,0.0,127.0,0.5269923657178879
836,2.0,100.0,40.0,0.7,10.0,111.0,0.563919872045517
837,2.0,100.0,40.0,0.7,100.0,67.0,0.5663567781448364
838,2.0,100.0,40.0,0.7,1000.0,87.0,0.5612773299217224
839,2.0,100.0,40.0,0.7,10000.0,117.0,0.5517795085906982
840,2.0,100.0,60.0,0.3,0.0,107.0,0.5190107375383377
841,2.0,100.0,60.0,0.3,10.0,97.0,0.5529873371124268
842,2.0,100.0,60.0,0.3,100.0,90.0,0.5445719063282013
843,2.0,100.0,60.0,0.3,1000.0,134.0,0.5030963122844696
844,2.0,100.0,60.0,0.3,10000.0,102.0,0.5501580238342285
845,2.0,100.0,60.0,0.5,0.0,99.0,0.5293005257844925
846,2.0,100.0,60.0,0.5,10.0,46.0,0.6441755592823029
847,2.0,100.0,60.0,0.5,100.0,81.0,0.5337893664836884
848,2.0,100.0,60.0,0.5,1000.0,104.0,0.5330282151699066
849,2.0,100.0,60.0,0.5,10000.0,54.0,0.5875605046749115
850,2.0,100.0,60.0,0.7,0.0,111.0,0.5362801253795624
851,2.0,100.0,60.0,0.7,10.0,38.0,0.6736040413379669
852,2.0,100.0,60.0,0.7,100.0,87.0,0.5522013604640961
853,2.0,100.0,60.0,0.7,1000.0,77.0,0.5507385432720184
854,2.0,100.0,60.0,0.7,10000.0,82.0,0.5783786475658417
855,2.0,100.0,80.0,0.3,0.0,80.0,0.5518615245819092
856,2.0,100.0,80.0,0.3,10.0,89.0,0.5532322824001312
857,2.0,100.0,80.0,0.3,100.0,58.0,0.5694701075553894
858,2.0,100.0,80.0,0.3,1000.0,96.0,0.5381630957126617
859,2.0,100.0,80.0,0.3,10000.0,81.0,0.564742386341095
860,2.0,100.0,80.0,0.5,0.0,119.0,0.5176761746406555
861,2.0,100.0,80.0,0.5,10.0,111.0,0.5539699494838715
862,2.0,100.0,80.0,0.5,100.0,93.0,0.5454111099243164
863,2.0,100.0,80.0,0.5,1000.0,137.0,0.5509176850318909
864,2.0,100.0,80.0,0.5,10000.0,67.0,0.577016144990921
865,2.0,100.0,80.0,0.7,0.0,77.0,0.5687692165374756
866,2.0,100.0,80.0,0.7,10.0,75.0,0.5652095377445221
867,2.0,100.0,80.0,0.7,100.0,36.0,0.7178604006767273
868,2.0,100.0,80.0,0.7,1000.0,135.0,0.5361468344926834
869,2.0,100.0,80.0,0.7,10000.0,103.0,0.5691523551940918
870,2.0,100.0,100.0,0.3,0.0,86.0,0.5477825105190277
871,2.0,100.0,100.0,0.3,10.0,80.0,0.5732699632644653
872,2.0,100.0,100.0,0.3,100.0,88.0,0.6198426783084869
873,2.0,100.0,100.0,0.3,1000.0,102.0,0.5325596630573273
874,2.0,100.0,100.0,0.3,10000.0,96.0,0.5391938388347626
875,2.0,100.0,100.0,0.5,0.0,85.0,0.5495711863040924
876,2.0,100.0,100.0,0.5,10.0,74.0,0.5776556432247162
877,2.0,100.0,100.0,0.5,100.0,62.0,0.6189519464969635
878,2.0,100.0,100.0,0.5,1000.0,102.0,0.5281768441200256
879,2.0,100.0,100.0,0.5,10000.0,97.0,0.5370786488056183
880,2.0,100.0,100.0,0.7,0.0,39.0,0.6553464531898499
881,2.0,100.0,100.0,0.7,10.0,45.0,0.6675993204116821
882,2.0,100.0,100.0,0.7,100.0,72.0,0.5655877590179443
883,2.0,100.0,100.0,0.7,1000.0,103.0,0.5383201539516449
884,2.0,100.0,100.0,0.7,10000.0,51.0,0.6022913157939911
885,2.0,100.0,120.0,0.3,0.0,44.0,0.6742052435874939
886,2.0,100.0,120.0,0.3,10.0,105.0,0.5161256790161133
887,2.0,100.0,120.0,0.3,100.0,125.0,0.5108006298542023
888,2.0,100.0,120.0,0.3,1000.0,66.0,0.5746249854564667
889,2.0,100.0,120.0,0.3,10000.0,139.0,0.5494592487812042
890,2.0,100.0,120.0,0.5,0.0,40.0,0.6814311444759369
891,2.0,100.0,120.0,0.5,10.0,133.0,0.5051308870315552
892,2.0,100.0,120.0,0.5,100.0,117.0,0.5306209027767181
893,2.0,100.0,120.0,0.5,1000.0,91.0,0.5443495512008667
894,2.0,100.0,120.0,0.5,10000.0,122.0,0.5289876461029053
895,2.0,100.0,120.0,0.7,0.0,52.0,0.5716499388217926
896,2.0,100.0,120.0,0.7,10.0,54.0,0.5754026770591736
897,2.0,100.0,120.0,0.7,100.0,127.0,0.5425297766923904
898,2.0,100.0,120.0,0.7,1000.0,94.0,0.5429307222366333
899,2.0,100.0,120.0,0.7,10000.0,35.0,0.6735131740570068
900,1.0,120.0,20.0,0.3,0.0,118.0,0.5882928669452667
901,1.0,120.0,20.0,0.3,10.0,92.0,0.5591012239456177
902,1.0,120.0,20.0,0.3,100.0,96.0,0.5538482964038849
903,1.0,120.0,20.0,0.3,1000.0,131.0,0.5246572494506836
904,1.0,120.0,20.0,0.3,10000.0,78.0,0.5888894200325012
905,1.0,120.0,20.0,0.5,0.0,138.0,0.5594120919704437
906,1.0,120.0,20.0,0.5,10.0,63.0,0.6032189726829529
907,1.0,120.0,20.0,0.5,100.0,78.0,0.5907917320728302
908,1.0,120.0,20.0,0.5,1000.0,115.0,0.5620780289173126
909,1.0,120.0,20.0,0.5,10000.0,137.0,0.5336558520793915
910,1.0,120.0,20.0,0.7,0.0,138.0,0.5945374071598053
911,1.0,120.0,20.0,0.7,10.0,69.0,0.6379759013652802
912,1.0,120.0,20.0,0.7,100.0,75.0,0.6428780257701874
913,1.0,120.0,20.0,0.7,1000.0,156.0,0.5655468106269836
914,1.0,120.0,20.0,0.7,10000.0,144.0,0.5827352702617645
915,1.0,120.0,40.0,0.3,0.0,84.0,0.5558648407459259
916,1.0,120.0,40.0,0.3,10.0,120.0,0.5286074280738831
917,1.0,120.0,40.0,0.3,100.0,81.0,0.6539608836174011
918,1.0,120.0,40.0,0.3,1000.0,32.0,0.6637910902500153
919,1.0,120.0,40.0,0.3,10000.0,142.0,0.5250007212162018
920,1.0,120.0,40.0,0.5,0.0,129.0,0.5580855011940002
921,1.0,120.0,40.0,0.5,10.0,110.0,0.561150461435318
922,1.0,120.0,40.0,0.5,100.0,52.0,0.6302300691604614
923,1.0,120.0,40.0,0.5,1000.0,87.0,0.5838691294193268
924,1.0,120.0,40.0,0.5,10000.0,109.0,0.5518838763237
925,1.0,120.0,40.0,0.7,0.0,119.0,0.5661084949970245
926,1.0,120.0,40.0,0.7,10.0,117.0,0.5649033784866333
927,1.0,120.0,40.0,0.7,100.0,49.0,0.653807520866394
928,1.0,120.0,40.0,0.7,1000.0,101.0,0.5661221742630005
929,1.0,120.0,40.0,0.7,10000.0,113.0,0.5766932964324951
930,1.0,120.0,60.0,0.3,0.0,93.0,0.5697464644908905
931,1.0,120.0,60.0,0.3,10.0,108.0,0.5321237444877625
932,1.0,120.0,60.0,0.3,100.0,157.0,0.5181753933429718
933,1.0,120.0,60.0,0.3,1000.0,96.0,0.5307184755802155
934,1.0,120.0,60.0,0.3,10000.0,97.0,0.5527358055114746
935,1.0,120.0,60.0,0.5,0.0,103.0,0.5824284255504608
936,1.0,120.0,60.0,0.5,10.0,83.0,0.572638601064682
937,1.0,120.0,60.0,0.5,100.0,46.0,0.6220693588256836
938,1.0,120.0,60.0,0.5,1000.0,93.0,0.5413188338279724
939,1.0,120.0,60.0,0.5,10000.0,136.0,0.5398843288421631
940,1.0,120.0,60.0,0.7,0.0,94.0,0.5761770904064178
941,1.0,120.0,60.0,0.7,10.0,141.0,0.558543473482132
942,1.0,120.0,60.0,0.7,100.0,84.0,0.5887679159641266
943,1.0,120.0,60.0,0.7,1000.0,120.0,0.548110842704773
944,1.0,120.0,60.0,0.7,10000.0,52.0,0.6317890882492065
945,1.0,120.0,80.0,0.3,0.0,105.0,0.544634073972702
946,1.0,120.0,80.0,0.3,10.0,111.0,0.5313419252634048
947,1.0,120.0,80.0,0.3,100.0,67.0,0.6119433343410492
948,1.0,120.0,80.0,0.3,1000.0,99.0,0.5403690040111542
949,1.0,120.0,80.0,0.3,10000.0,101.0,0.5452230274677277
950,1.0,120.0,80.0,0.5,0.0,58.0,0.6263994574546814
951,1.0,120.0,80.0,0.5,10.0,81.0,0.5591193735599518
952,1.0,120.0,80.0,0.5,100.0,81.0,0.5571448504924774
953,1.0,120.0,80.0,0.5,1000.0,101.0,0.5528607964515686
954,1.0,120.0,80.0,0.5,10000.0,105.0,0.5361314415931702
955,1.0,120.0,80.0,0.7,0.0,84.0,0.5856717228889465
956,1.0,120.0,80.0,0.7,10.0,84.0,0.6114911437034607
957,1.0,120.0,80.0,0.7,100.0,58.0,0.6512095630168915
958,1.0,120.0,80.0,0.7,1000.0,80.0,0.6048172116279602
959,1.0,120.0,80.0,0.7,10000.0,157.0,0.5453478395938873
960,1.0,120.0,100.0,0.3,0.0,69.0,0.5655374825000763
961,1.0,120.0,100.0,0.3,10.0,102.0,0.5341467410326004
962,1.0,120.0,100.0,0.3,100.0,102.0,0.5460196137428284
963,1.0,120.0,100.0,0.3,1000.0,85.0,0.5455887019634247
964,1.0,120.0,100.0,0.3,10000.0,114.0,0.5226851552724838
965,1.0,120.0,100.0,0.5,0.0,36.0,0.6588830649852753
966,1.0,120.0,100.0,0.5,10.0,111.0,0.5412497222423553
967,1.0,120.0,100.0,0.5,100.0,84.0,0.7119169235229492
968,1.0,120.0,100.0,0.5,1000.0,89.0,0.5430745482444763
969,1.0,120.0,100.0,0.5,10000.0,57.0,0.5711886584758759
970,1.0,120.0,100.0,0.7,0.0,139.0,0.551662027835846
971,1.0,120.0,100.0,0.7,10.0,156.0,0.541269063949585
972,1.0,120.0,100.0,0.7,100.0,75.0,0.5843163430690765
973,1.0,120.0,100.0,0.7,1000.0,68.0,0.6413364410400391
974,1.0,120.0,100.0,0.7,10000.0,110.0,0.5652178227901459
975,1.0,120.0,120.0,0.3,0.0,122.0,0.5159014016389847
976,1.0,120.0,120.0,0.3,10.0,116.0,0.5460188686847687
977,1.0,120.0,120.0,0.3,100.0,77.0,0.5676249861717224
978,1.0,120.0,120.0,0.3,1000.0,95.0,0.5315215587615967
979,1.0,120.0,120.0,0.3,10000.0,133.0,0.5185754895210266
980,1.0,120.0,120.0,0.5,0.0,33.0,0.7269213795661926
981,1.0,120.0,120.0,0.5,10.0,133.0,0.5535621345043182
982,1.0,120.0,120.0,0.5,100.0,123.0,0.5356285274028778
983,1.0,120.0,120.0,0.5,1000.0,99.0,0.5350785702466965
984,1.0,120.0,120.0,0.5,10000.0,95.0,0.5522698760032654
985,1.0,120.0,120.0,0.7,0.0,111.0,0.555216521024704
986,1.0,120.0,120.0,0.7,10.0,35.0,0.6538648307323456
987,1.0,120.0,120.0,0.7,100.0,66.0,0.5922155380249023
988,1.0,120.0,120.0,0.7,1000.0,50.0,0.606794148683548
989,1.0,120.0,120.0,0.7,10000.0,102.0,0.5593268573284149
990,2.0,120.0,20.0,0.3,0.0,121.0,0.5196015685796738
991,2.0,120.0,20.0,0.3,10.0,120.0,0.5715676248073578
992,2.0,120.0,20.0,0.3,100.0,58.0,0.581099659204483
993,2.0,120.0,20.0,0.3,1000.0,103.0,0.551917552947998
994,2.0,120.0,20.0,0.3,10000.0,111.0,0.5382004976272583
995,2.0,120.0,20.0,0.5,0.0,102.0,0.519799068570137
996,2.0,120.0,20.0,0.5,10.0,113.0,0.5621370673179626
997,2.0,120.0,20.0,0.5,100.0,143.0,0.5418170392513275
998,2.0,120.0,20.0,0.5,1000.0,111.0,0.562510758638382
999,2.0,120.0,20.0,0.5,10000.0,109.0,0.5515769124031067
1000,2.0,120.0,20.0,0.7,0.0,115.0,0.5572388768196106
1001,2.0,120.0,20.0,0.7,10.0,127.0,0.6113844513893127
1002,2.0,120.0,20.0,0.7,100.0,92.0,0.6006312370300293
1003,2.0,120.0,20.0,0.7,1000.0,96.0,0.5730319321155548
1004,2.0,120.0,20.0,0.7,10000.0,138.0,0.5734935402870178
1005,2.0,120.0,40.0,0.3,0.0,84.0,0.5464819669723511
1006,2.0,120.0,40.0,0.3,10.0,59.0,0.6586136221885681
1007,2.0,120.0,40.0,0.3,100.0,109.0,0.5811307430267334
1008,2.0,120.0,40.0,0.3,1000.0,84.0,0.5519276261329651
1009,2.0,120.0,40.0,0.3,10000.0,81.0,0.5872838795185089
1010,2.0,120.0,40.0,0.5,0.0,101.0,0.5290683805942535
1011,2.0,120.0,40.0,0.5,10.0,129.0,0.5185399502515793
1012,2.0,120.0,40.0,0.5,100.0,32.0,0.7069424390792847
1013,2.0,120.0,40.0,0.5,1000.0,120.0,0.528541773557663
1014,2.0,120.0,40.0,0.5,10000.0,90.0,0.5640762448310852
1015,2.0,120.0,40.0,0.7,0.0,129.0,0.5741796791553497
1016,2.0,120.0,40.0,0.7,10.0,75.0,0.5634266436100006
1017,2.0,120.0,40.0,0.7,100.0,31.0,0.7069067656993866
1018,2.0,120.0,40.0,0.7,1000.0,33.0,0.6897192001342773
1019,2.0,120.0,40.0,0.7,10000.0,115.0,0.5357672870159149
1020,2.0,120.0,60.0,0.3,0.0,114.0,0.5558985769748688
1021,2.0,120.0,60.0,0.3,10.0,78.0,0.5322006642818451
1022,2.0,120.0,60.0,0.3,100.0,42.0,0.6183940470218658
1023,2.0,120.0,60.0,0.3,1000.0,63.0,0.5862376689910889
1024,2.0,120.0,60.0,0.3,10000.0,111.0,0.5116618871688843
1025,2.0,120.0,60.0,0.5,0.0,102.0,0.5366865992546082
1026,2.0,120.0,60.0,0.5,10.0,71.0,0.559130847454071
1027,2.0,120.0,60.0,0.5,100.0,71.0,0.5600200891494751
1028,2.0,120.0,60.0,0.5,1000.0,63.0,0.5543090403079987
1029,2.0,120.0,60.0,0.5,10000.0,91.0,0.5207788497209549
1030,2.0,120.0,60.0,0.7,0.0,103.0,0.5926975011825562
1031,2.0,120.0,60.0,0.7,10.0,74.0,0.5366824865341187
1032,2.0,120.0,60.0,0.7,100.0,82.0,0.6365415751934052
1033,2.0,120.0,60.0,0.7,1000.0,70.0,0.5734201967716217
1034,2.0,120.0,60.0,0.7,10000.0,98.0,0.5445370972156525
1035,2.0,120.0,80.0,0.3,0.0,88.0,0.5296910107135773
1036,2.0,120.0,80.0,0.3,10.0,90.0,0.5145998299121857
1037,2.0,120.0,80.0,0.3,100.0,46.0,0.5970838963985443
1038,2.0,120.0,80.0,0.3,1000.0,90.0,0.5256451517343521
1039,2.0,120.0,80.0,0.3,10000.0,115.0,0.5094034373760223
1040,2.0,120.0,80.0,0.5,0.0,114.0,0.5322998911142349
1041,2.0,120.0,80.0,0.5,10.0,105.0,0.5085801482200623
1042,2.0,120.0,80.0,0.5,100.0,74.0,0.5469440221786499
1043,2.0,120.0,80.0,0.5,1000.0,89.0,0.5456817150115967
1044,2.0,120.0,80.0,0.5,10000.0,54.0,0.6493950486183167
1045,2.0,120.0,80.0,0.7,0.0,39.0,0.6839903593063354
1046,2.0,120.0,80.0,0.7,10.0,119.0,0.5110732465982437
1047,2.0,120.0,80.0,0.7,100.0,46.0,0.6662642061710358
1048,2.0,120.0,80.0,0.7,1000.0,133.0,0.5367060303688049
1049,2.0,120.0,80.0,0.7,10000.0,94.0,0.5272121131420135
1050,2.0,120.0,100.0,0.3,0.0,50.0,0.6322495639324188
1051,2.0,120.0,100.0,0.3,10.0,119.0,0.51154525578022
1052,2.0,120.0,100.0,0.3,100.0,82.0,0.5387476682662964
1053,2.0,120.0,100.0,0.3,1000.0,94.0,0.522031843662262
1054,2.0,120.0,100.0,0.3,10000.0,90.0,0.5265698581933975
1055,2.0,120.0,100.0,0.5,0.0,78.0,0.5263383835554123
1056,2.0,120.0,100.0,0.5,10.0,76.0,0.5319806039333344
1057,2.0,120.0,100.0,0.5,100.0,75.0,0.5551361739635468
1058,2.0,120.0,100.0,0.5,1000.0,37.0,0.6625134944915771
1059,2.0,120.0,100.0,0.5,10000.0,90.0,0.5209720432758331
1060,2.0,120.0,100.0,0.7,0.0,116.0,0.5215149223804474
1061,2.0,120.0,100.0,0.7,10.0,98.0,0.5269983261823654
1062,2.0,120.0,100.0,0.7,100.0,33.0,0.6838162541389465
1063,2.0,120.0,100.0,0.7,1000.0,90.0,0.5323750078678131
1064,2.0,120.0,100.0,0.7,10000.0,98.0,0.5227037668228149
1065,2.0,120.0,120.0,0.3,0.0,114.0,0.5204101800918579
1066,2.0,120.0,120.0,0.3,10.0,66.0,0.5538273453712463
1067,2.0,120.0,120.0,0.3,100.0,88.0,0.5268914699554443
1068,2.0,120.0,120.0,0.3,1000.0,67.0,0.5404793322086334
1069,2.0,120.0,120.0,0.3,10000.0,83.0,0.5202206373214722
1070,2.0,120.0,120.0,0.5,0.0,91.0,0.5306723117828369
1071,2.0,120.0,120.0,0.5,10.0,43.0,0.6078935861587524
1072,2.0,120.0,120.0,0.5,100.0,41.0,0.6654636859893799
1073,2.0,120.0,120.0,0.5,1000.0,103.0,0.5136193782091141
1074,2.0,120.0,120.0,0.5,10000.0,86.0,0.5427626669406891
1075,2.0,120.0,120.0,0.7,0.0,128.0,0.5191152095794678
1076,2.0,120.0,120.0,0.7,10.0,35.0,0.6518679261207581
1077,2.0,120.0,120.0,0.7,100.0,109.0,0.5222465395927429
1078,2.0,120.0,120.0,0.7,1000.0,90.0,0.5283851772546768
1079,2.0,120.0,120.0,0.7,10000.0,68.0,0.5676368474960327
