,train,val,test
1026,31.303431303701085,41.14296431674789,39.74606694208753
1761,31.153010077304966,31.964017380071706,37.92050574127294
574,35.37701046690387,27.236416413276526,28.329797946429558
1086,74.06580862393854,85.34064880265097,88.52820673986237
953,91.32473139363803,83.16055086811416,93.03362649253461
1101,54.35904393748137,56.178494964148506,58.45713183869418
522,16.66811249310776,16.425057308664798,14.518052817893862
502,36.47693880828307,39.20416094623956,25.745835506482518
319,9.711268643058055,6.414178809647719,1.7859948826113343
511,2.9846689030384925,7.801976622389271,3.5692076788846387
1092,59.03670520578341,60.59428614938099,57.965725306182364
958,63.74306895096429,65.0746442114624,63.59692091869944
1683,39.80662543007165,49.769570559860995,45.922245769016875
506,46.8404343488106,44.75803246240495,47.66064406812736
292,51.16506913374635,50.61081504796689,46.99031072243346
541,39.9917300238732,35.70572216674072,37.62339219438308
1654,60.03740084521054,53.265450890380464,57.246123624412654
597,31.425582628938923,14.609918284384754,15.086116000518949
386,23.9454824074121,14.355192151308506,-13.979566828003994
60,18.80040681783331,12.471180478571886,17.09122388095021
1864,56.36351545007794,38.445487514607414,52.26448018407384
920,1.4188950753596958,4.766939477593232,16.220893558550504
57,76.78111795451868,81.64604171741703,85.03912073608414
399,15.00066705028821,16.810983892066975,21.295227098958446
1776,22.713049572506087,23.078979907990355,34.514889129416254
393,18.489695478237305,28.959169777490484,32.85502050344534
451,39.27931262831528,40.20900451356824,45.961956760432486
1753,12.034086684847779,8.160399178413222,4.369823726841067
1762,44.89386840097021,38.28622504282087,42.82006369488595
1714,40.4202822205917,45.90967842703284,46.64033959598747
938,73.35984460432645,66.50016468096594,66.28498931984747
421,33.32219337290565,41.12695675979993,45.83663200983975
488,40.335751708906905,46.4097447661338,44.334541310372714
362,41.2294503371667,49.77655436559465,61.79013735206842
390,56.07695358798741,56.495858689136334,55.28699699093648
300,35.95886004021724,31.847009709127164,29.129283209413035
517,39.28307635985548,38.80446133671794,42.025052293391624
293,42.09948388648053,34.37954161592711,37.284939584056936
372,11.586844102050476,11.642271003338939,9.197134486294324
1634,49.24938974925843,49.796869003105456,44.695696673930236
798,28.86390275649053,31.075604139577944,52.6545993560371
63,67.89280485808928,68.98416218203197,71.23606042183826
939,86.32887471313879,81.63848412511429,52.35144763720917
1122,39.488682891879456,34.63048884403654,39.33335318547258
601,38.72045632779546,36.940981452132704,37.35163387046152
1756,35.02654023354416,38.21049755549867,38.74360341890686
373,19.384946914857018,22.82469985254548,23.653176044767598
1754,43.961099223522886,44.40762354149856,51.86636246716105
870,26.750078043040027,51.037214269173035,24.163005509112654
895,1.951948163467721,35.274017831047985,4.950433667028576
1869,54.76451178933324,49.69075128456435,55.59565660246846
385,33.63491725615198,37.918389146996375,44.61980081370181
297,52.11487479851542,55.66986346764165,55.10399421587035
572,50.86915162807253,47.79568123994361,46.777995179759706
367,56.9881939072835,53.644100778631845,54.61205149235915
384,45.88550738545855,38.180605331623525,39.30818673567129
509,26.261833218642774,19.953391508865653,20.169757159518007
473,50.18095214175221,51.8962779600958,47.253006580744874
398,49.32922704322362,54.176206475731014,60.29953903818754
784,18.9815325175505,22.51524004865964,43.944086986785656
1739,29.655937407619454,30.892920778751705,30.544620748065373
575,23.887390183047696,9.096808807940569,22.52382368370839
884,3.935360289601882,33.0355115089085,-6.149364588980329
7313,24.923839330580293,7.287963510545566,26.136362668508028
885,35.25268409026049,7.196884420023389,54.67372547715007
131,42.760907434473026,44.66732442989043,50.54948400219043
423,12.138725488014916,1.88207586915139,9.28669640021764
492,44.77315882410001,46.90318608778796,47.07670939971729
1036,47.32572170281094,45.916087526238904,49.78744260030357
1125,45.935567711682054,46.84788478520095,45.838808424410175
1586,25.48198468355731,29.46032658480292,33.85658356983468
1237,71.06467352093976,60.313602412702714,73.44976738286312
1249,72.30897151428482,22.40458231370443,2.3382836105379674
204,19.478730954837836,20.047923803220538,43.97881267140912
542,6.0439280776593,4.517587572956012,8.41127835757466
456,10.409315173248457,16.71449334618867,23.912899223959233
1587,51.89618379450125,50.57421165626007,55.64618102443961
1645,65.15849383290742,58.216171395384016,57.22544528992596
1655,42.437703895615286,45.66531746786462,47.2139746635578
893,55.503478281542726,54.01707037919135,75.77040220672762
416,18.84010741085755,9.178481365312901,29.90388916426878
1777,36.915573740631736,35.150188428853944,38.5273646325014
1592,47.14212151307077,41.74187755391631,44.82175862101561
1744,41.53694406947546,39.79973434104142,42.491795126408405
780,34.07510533347198,42.97358043235832,66.87713863319568
7318,2.824091413549644,3.9606791775736756,6.479694689957627
355,13.873809003814436,20.4321946926729,24.031419418220434
307,28.398972348760232,49.56127952654152,27.843870666500553
536,35.00664584150247,30.714151263024178,31.518134121651652
415,4.186009220419536,5.186956067796395,8.885100586916877
1740,49.24938974925843,49.796869003105456,44.695696673930236
1848,46.20382478422817,40.01026509611847,42.19804380250661
1703,67.84193794672215,74.02040592607521,60.3069841977162
1741,49.50567599965417,57.95262228661419,60.873184737430456
529,20.100196103545866,14.608637816326237,25.5901088887224
882,14.821587256098697,14.154984987509469,54.388522744259134
1752,4.76395489218497,8.08181211031566,9.607877826837447
378,75.57101470088419,69.60152965960489,71.11754743939727
449,23.66706076078275,20.0526298763115,41.65668073717392
497,46.96105573003722,58.43512428699181,53.51773285147761
1112,50.03793485284267,56.87173581646449,54.189093477652065
505,64.79198140949502,25.182373464311702,21.83583896109086
55,50.539929424585175,45.38307814071624,45.40393692682381
872,91.20370344550597,89.06181700680585,92.54002003749198
1755,41.131976931051085,47.09902527377984,44.67408004272889
1192,12.964180535163226,11.404125554171237,15.711828465813657
1851,47.78407720441391,43.73261795992456,45.84964694826211
1042,53.28262120626846,57.12930676051994,55.091544065331185
1883,29.94661066679451,30.632824454679238,35.03244438777179
1796,36.63233708814175,27.001653342055658,40.4761022261978
1121,45.935567711682054,46.84788478520095,45.838808424410175
753,27.121595011619696,49.8784345765068,33.41516109573496
898,45.9891821298576,42.37264029295996,32.69146699306
1017,49.666379186159915,44.606154096029876,47.45793230653189
837,27.378504145818955,35.206483751302514,58.467646500380305
1067,63.1895489816241,67.18303793998115,60.57269709022363
